SYMBOL,2023-09-01,2023-01-03,2022-09-15,2023-09-15
21STCENMGM,18.75,22.55,25.6,20.0
360ONE,477.6,,,526.65
3IINFOLTD,32.8,41.3,51.5,38.4
3MINDIA,31151.35,21602.0,22873.45,30366.8
5PAISA,449.45,320.3,378.8,440.15
63MOONS,333.95,168.65,186.35,293.8
AAATECH,65.6,63.85,,61.3
AARTIDRUGS,569.6,449.9,456.95,584.4
AARTIIND,491.05,616.8,907.25,512.5
AARTIPHARM,389.0,,,469.4
AARTISURF,642.6,634.5,859.95,641.25
AARVEEDEN,23.2,25.35,26.55,25.15
AARVI,129.0,176.6,158.4,126.8
AAVAS,1627.25,1798.05,2211.65,1674.55
ABAN,48.15,49.4,56.6,46.35
ABB,4291.45,2689.4,3296.95,4379.4
ABBOTINDIA,22704.65,21680.85,17887.65,23351.15
ABCAPITAL,184.1,154.35,120.1,184.55
ABFRL,218.35,285.55,340.0,225.3
ABSLAMC,389.5,457.9,481.85,415.45
ABSLBANETF,44.81,43.52,41.38,46.56
ABSLNN50ET,46.13,43.67,46.46,47.46
ACC,2011.25,2442.7,2747.7,2026.85
ACCELYA,1594.55,1411.35,1172.7,1519.75
ACE,760.65,310.85,304.15,706.8
ACI,664.3,525.45,,612.3
ADANIENSOL,824.9,,,846.1
ADANIENT,2450.05,3830.95,3748.7,2540.05
ADANIGREEN,949.1,1892.95,2343.9,1006.45
ADANIPORTS,799.5,820.45,968.55,845.65
ADANIPOWER,330.25,294.75,,379.4
ADFFOODS,1083.9,757.95,711.75,239.3
ADORWELD,1197.05,849.55,948.7,1095.4
ADSL,133.55,94.9,116.0,138.0
ADVANIHOTR,89.6,81.95,84.4,88.55
ADVENZYMES,324.55,284.7,274.35,313.65
AEGISCHEM,368.45,344.35,293.8,329.8
AEROFLEX,165.0,,,156.45
AETHER,990.75,849.85,982.8,982.2
AFFLE,1077.85,1072.05,1317.45,1109.9
AGARIND,1046.45,598.5,634.75,901.15
AGI,732.25,329.9,347.25,712.35
AGROPHOS,38.9,44.2,41.6,37.8
AGSTRA,65.35,67.0,85.15,61.95
AHL,275.9,190.0,,312.15
AHLADA,107.1,103.45,,101.55
AHLEAST,158.75,117.3,297.3,143.2
AHLUCONT,710.1,508.45,456.25,721.45
AIAENG,3703.8,2600.25,2523.65,3688.3
AIRAN,22.35,16.75,19.0,21.8
AJANTPHARM,1718.35,1200.45,1307.8,1711.1
AJMERA,373.3,309.05,271.75,378.9
AKASH,27.0,31.5,39.55,29.55
AKSHARCHEM,246.3,284.45,361.55,289.4
AKSHOPTFBR,12.05,11.2,12.85,11.0
AKZOINDIA,2736.55,2240.95,2137.5,2595.3
ALANKIT,10.3,10.85,13.25,11.2
ALBERTDAVD,795.35,571.1,570.0,760.45
ALEMBICLTD,80.95,72.6,72.1,78.95
ALICON,851.7,973.75,874.95,869.55
ALKALI,121.9,143.35,106.0,117.0
ALKEM,3614.75,3028.8,3190.75,3675.95
ALKYLAMINE,2489.9,2686.85,3131.25,2403.45
ALLCARGO,273.4,403.0,424.45,269.1
ALLSEC,588.8,515.55,531.8,607.8
ALMONDZ,89.4,75.05,91.4,91.25
ALOKINDS,19.9,,,19.1
ALPA,79.95,62.9,65.3,74.4
ALPHAGEO,293.5,289.7,323.7,307.05
AMARAJABAT,625.55,575.8,536.75,649.0
AMBER,2972.2,1872.6,2350.45,2974.6
AMBIKCO,1657.65,1560.35,1813.15,1654.9
AMBUJACEM,433.9,530.95,538.75,445.05
AMIORG,1315.95,959.55,1082.25,1297.1
AMJLAND,30.1,27.45,30.35,31.6
AMRUTANJAN,610.25,725.3,751.3,644.05
ANANDRATHI,1398.8,704.35,661.35,1411.6
ANANTRAJ,220.8,109.15,90.45,222.1
ANDHRAPAP,453.55,422.7,470.0,604.4
ANDHRSUGAR,117.55,134.25,148.6,121.1
ANDREWYU,27.35,27.75,22.3,37.6
ANGELONE,1915.25,1315.6,1583.6,1893.55
ANKITMETAL,3.0,5.8,6.25,
ANUP,2167.6,949.85,983.8,2187.35
ANURAS,1005.15,693.5,773.8,940.4
APARINDS,4957.4,1788.6,1257.55,5197.65
APCL,186.15,207.2,265.6,187.4
APCOTEXIND,547.5,468.1,577.95,513.3
APEX,232.8,250.0,342.25,236.45
APLAPOLLO,1729.5,1088.4,1063.05,1620.2
APLLTD,770.5,573.6,623.05,784.55
APOLLO,54.7,306.7,161.45,54.9
APOLLOHOSP,4840.35,4490.9,4341.85,5091.8
APOLLOPIPE,675.35,509.3,530.6,699.55
APOLLOTYRE,384.75,325.4,299.65,376.4
APTECHT,310.1,347.3,249.95,304.95
APTUS,268.4,305.6,326.0,278.45
ARIES,184.65,210.65,149.35,178.05
ARIHANTCAP,55.25,68.0,81.2,72.05
ARIHANTSUP,175.75,221.5,245.35,186.1
ARMANFIN,2354.2,1445.55,1504.35,2285.95
AROGRANITE,51.3,50.4,54.9,53.85
ARTEMISMED,127.0,73.05,66.6,135.15
ARVIND,175.45,90.45,108.85,170.85
ARVINDFASN,323.45,345.65,300.45,328.85
ARVSMART,356.5,331.6,274.95,346.1
ASAHIINDIA,587.55,517.15,634.75,600.5
ASAHISONG,229.6,265.3,325.0,255.7
ASAL,405.35,370.6,455.3,440.65
ASALCBR,436.15,427.5,473.5,435.7
ASHAPURMIN,228.3,95.2,95.35,325.4
ASHIANA,211.55,145.75,161.95,202.45
ASHIMASYN,12.9,17.05,15.05,13.15
ASHOKA,102.25,91.1,89.2,108.4
ASHOKLEY,184.2,147.4,165.1,183.0
ASIANPAINT,3259.55,3028.25,3395.4,3196.65
ASIANTILES,64.85,51.3,65.0,63.4
ASPINWALL,233.25,237.05,293.85,261.85
ASTEC,1405.1,1789.35,1934.75,1380.85
ASTERDM,329.95,233.5,247.7,341.95
ASTRAL,1911.1,2007.55,2505.45,1926.65
ASTRAMICRO,392.1,287.3,344.3,427.6
ASTRAZEN,4323.8,3353.7,3233.3,4548.7
ASTRON,29.6,32.55,37.3,34.4
ATALREAL,109.45,,,
ATAM,188.1,,,177.4
ATFL,821.7,817.95,768.3,839.7
ATGL,633.85,3598.65,3601.35,636.35
ATL,33.35,,,33.1
ATUL,7354.35,8173.6,9564.65,7324.3
ATULAUTO,597.1,288.85,193.25,585.75
AUBANK,725.65,651.05,680.85,732.5
AURIONPRO,1064.75,341.65,417.3,
AUROPHARMA,825.55,441.3,547.15,898.85
AURUM,132.95,121.65,,128.55
AUSOMENT,79.25,72.75,77.2,75.4
AUTOAXLES,2232.0,2004.95,2072.0,2295.6
AUTOBEES,161.83,127.8,134.67,166.89
AVADHSUGAR,577.9,549.6,539.75,686.9
AVALON,502.0,,,580.1
AVANTIFEED,438.15,390.15,511.0,455.3
AVG,251.65,,,263.7
AVROIND,116.6,154.45,116.8,116.8
AVTNPL,81.35,109.1,111.8,78.75
AWHCL,343.7,319.7,336.85,330.2
AWL,352.25,600.3,730.4,352.3
AXISBANK,991.15,962.3,790.0,1027.15
AXISBNKETF,450.47,437.2,416.22,469.68
AXISBPSETF,11.15,10.63,10.49,11.17
AXISCETF,84.93,76.59,80.79,87.0
AXISGOLD,50.57,47.72,43.15,50.26
AXISHCETF,95.52,80.83,79.75,99.15
AXISILVER,75.99,70.93,,73.19
AXISNIFTY,208.28,193.89,189.98,216.03
AXISTECETF,328.13,299.82,285.33,345.49
AXSENSEX,65.69,,,67.99
AYMSYNTEX,71.25,74.85,88.35,67.05
BAIDFIN,35.95,,,34.5
BAJAJ-AUTO,4668.45,3601.7,3768.0,5130.5
BAJAJCON,257.4,171.15,163.65,233.2
BAJAJELEC,1177.6,1182.4,1180.1,
BAJAJFINSV,1514.5,1563.0,1772.2,1538.1
BAJAJHCARE,371.0,454.15,380.3,413.45
BAJAJHIND,25.1,16.95,11.25,27.0
BAJAJHLDNG,7340.8,5660.5,7110.6,7103.1
BAJFINANCE,7320.6,6606.25,7386.3,7492.2
BALAJITELE,71.35,45.3,56.05,64.2
BALAMINES,2226.8,2636.0,3739.45,2207.35
BALAXI,458.75,590.2,,454.15
BALKRISHNA,27.85,,39.55,29.05
BALKRISIND,2361.8,2129.6,2031.45,2538.85
BALMLAWRIE,167.65,124.5,129.5,169.0
BALPHARMA,96.8,90.75,98.25,95.95
BALRAMCHIN,395.5,402.3,374.35,441.7
BANARBEADS,93.8,81.35,79.4,91.15
BANARISUG,2714.55,2800.3,3025.25,2859.6
BANCOINDIA,515.25,199.35,207.2,484.85
BANDHANBNK,235.1,240.55,304.6,249.35
BANG,45.9,49.0,45.8,47.2
BANKA,71.2,78.2,69.7,73.55
BANKBARODA,190.6,187.5,140.05,210.8
BANKBEES,452.8,439.23,417.53,470.74
BANKETF,444.27,,,462.01
BANKINDIA,88.0,93.7,53.0,105.75
BANSWRAS,164.8,122.9,108.9,154.45
BARBEQUE,701.95,976.4,1101.15,691.2
BASF,2628.55,2777.75,3163.75,2698.5
BASML,49.75,56.0,61.55,49.3
BATAINDIA,1684.2,1645.85,1888.9,1686.55
BAYERCROP,4790.45,4849.2,5139.0,5162.95
BBETF0432,1083.33,1033.1,1022.67,1084.55
BBL,4212.1,2467.6,2068.0,4012.6
BBOX,220.25,133.55,144.8,195.9
BBTC,979.5,925.75,1008.15,1215.9
BBTCL,245.5,239.0,,243.7
BCG,16.15,28.9,39.75,17.5
BCLIND,493.3,318.9,353.7,551.9
BDL,1143.5,944.15,869.35,1064.4
BECTORFOOD,1041.0,433.35,370.55,948.05
BEDMUTHA,70.25,60.4,68.25,72.3
BEL,137.85,100.35,111.1,135.7
BEML,2495.2,1522.3,,2409.2
BEPL,93.05,121.65,128.25,92.25
BERGEPAINT,719.85,579.05,654.85,719.7
BFINVEST,513.3,420.6,319.8,511.4
BFSI,20.08,,,20.83
BFUTILITIE,672.9,418.5,448.1,662.3
BGRENERGY,64.4,61.4,83.4,67.65
BHAGCHEM,1206.1,1269.8,1521.7,1236.4
BHAGERIA,164.05,161.3,197.7,160.45
BHAGYANGR,70.1,46.1,50.3,
BHARATFORG,1078.8,878.85,784.75,1134.4
BHARATGEAR,124.75,124.55,242.65,125.3
BHARATRAS,9435.65,9884.2,11966.2,9194.45
BHARATWIRE,241.2,107.15,120.0,261.0
BHARTIARTL,865.95,817.6,785.1,936.15
BHEL,136.15,80.35,61.7,127.6
BIGBLOC,171.0,140.0,127.75,154.9
BIKAJI,487.05,425.75,,494.65
BIOCON,260.8,263.4,299.45,276.75
BIOFILCHEM,48.25,54.25,52.05,51.95
BIRLACABLE,330.9,158.95,148.9,348.05
BIRLACORPN,1171.1,988.35,1110.05,1214.85
BIRLAMONEY,70.35,61.15,61.95,70.95
BLAL,180.15,,,171.3
BLBLIMITED,22.7,28.6,21.1,23.65
BLISSGVS,97.55,73.0,84.8,95.6
BLKASHYAP,54.05,32.0,24.7,52.8
BLS,285.75,171.5,291.55,275.95
BLUEDART,6282.25,7814.55,8616.2,6988.25
BLUESTARCO,745.25,1204.7,1134.45,794.7
BODALCHEM,84.9,79.35,96.75,82.3
BOMDYEING,137.5,80.3,105.45,152.85
BOROLTD,431.25,378.7,371.85,408.1
BORORENEW,444.25,512.25,565.75,428.25
BOSCHLTD,18986.8,17133.75,17341.6,19664.6
BPCL,344.2,336.85,331.4,352.25
BPL,73.9,64.2,83.0,88.05
BRIGADE,595.0,466.35,569.05,619.85
BRITANNIA,4484.35,4241.85,3721.55,4532.85
BRNL,38.55,40.6,37.8,41.85
BSE,1126.15,565.55,668.05,1272.95
BSLGOLDETF,53.35,50.05,45.37,53.12
BSLNIFTY,22.01,20.42,20.13,22.9
BSLSENETFG,63.9,59.2,57.67,66.14
BSOFT,528.35,299.6,319.2,504.0
BURNPUR,4.95,5.6,5.65,5.1
BUTTERFLY,1216.6,1568.65,1532.8,1238.0
BYKE,39.2,42.5,47.7,38.9
CALSOFT,14.0,20.5,22.0,14.75
CAMLINFINE,173.6,161.0,132.8,172.75
CAMPUS,303.75,411.1,552.5,301.65
CAMS,2356.1,2214.3,2592.6,2596.05
CANBK,328.4,336.8,252.45,364.85
CANFINHOME,760.0,548.65,664.35,781.25
CANTABIL,1021.7,1249.7,1498.45,1120.05
CAPACITE,228.3,156.4,186.4,215.1
CAPLIPOINT,1096.3,724.55,754.7,1044.8
CAPTRUST,92.6,79.05,102.45,105.5
CARBORUNIV,1136.35,888.3,925.55,1192.2
CARERATING,825.45,617.05,520.3,851.7
CARTRADE,563.9,482.6,690.3,594.5
CARYSIL,666.55,469.4,,636.65
CASTROLIND,142.95,125.7,117.9,145.3
CCL,604.25,541.8,520.75,673.8
CDSL,1141.45,1153.2,1358.75,1344.4
CEATLTD,2256.05,1637.7,1661.6,2139.8
CELEBRITY,19.6,18.15,22.75,18.0
CENTENKA,428.4,419.0,458.45,439.3
CENTEXT,11.35,10.05,,
CENTRALBK,34.95,32.7,21.15,47.1
CENTRUM,23.85,24.65,28.2,25.15
CENTURYPLY,691.4,516.95,679.3,669.4
CENTURYTEX,1072.05,726.7,894.1,1091.95
CERA,9546.3,5271.95,5771.9,8599.65
CESC,86.45,77.35,83.3,90.1
CGCL,806.25,756.05,724.35,767.95
CGPOWER,423.95,274.2,237.65,436.2
CHALET,540.75,351.05,348.9,559.95
CHAMBLFERT,278.95,314.55,354.35,286.65
CHEMBOND,411.85,250.55,201.4,381.0
CHEMCON,279.65,298.4,443.3,297.9
CHEMFAB,365.9,289.15,431.25,380.9
CHEMPLASTS,528.55,463.8,428.85,498.0
CHENNPETRO,412.55,208.25,280.7,518.95
CHEVIOT,1190.1,1193.5,1170.55,1188.4
CHOICEIN,380.2,257.7,473.45,415.4
CHOLAFIN,1128.85,728.5,792.8,1227.1
CHOLAHLDNG,963.85,559.95,682.1,1152.35
CIEINDIA,519.45,,,508.25
CIGNITITEC,803.8,566.25,581.05,810.15
CINEVISTA,14.05,12.0,14.35,13.75
CIPLA,1245.4,1075.9,1033.3,1235.5
CLEAN,1412.15,1488.9,1955.15,1456.9
CLEDUCATE,79.0,71.2,170.05,76.2
CLSEL,202.25,134.15,118.85,202.1
CMSINFO,358.3,311.25,275.75,362.15
COALINDIA,236.9,224.1,234.25,279.3
COASTCORP,278.25,235.65,355.9,268.0
COCHINSHIP,908.5,534.4,375.9,1107.05
COFFEEDAY,52.7,49.25,64.3,52.15
COFORGE,5451.9,4019.55,3418.85,5618.9
COLPAL,1939.4,1517.35,1631.35,1985.85
COMPINFO,13.35,20.45,26.95,12.8
COMPUSOFT,22.9,20.45,24.0,22.2
CONCOR,687.0,744.0,763.55,717.35
CONCORDBIO,971.05,,,1013.85
CONFIPET,94.55,81.2,79.45,89.9
CONSUMBEES,91.58,82.53,87.49,93.82
CONTROLPR,787.9,403.5,485.9,776.05
CORALFINAC,42.15,34.05,38.95,40.65
COROMANDEL,1111.0,900.55,1027.0,1136.7
COSMOFIRST,721.65,781.55,880.15,680.35
COUNCODOS,4.05,,4.35,4.3
CPSEETF,49.41,38.37,38.0,51.91
CRAFTSMAN,4895.25,3574.4,2810.2,4812.05
CREATIVE,581.95,575.6,499.2,516.85
CREATIVEYE,3.4,4.2,5.4,3.8
CREDITACC,1409.2,891.25,1000.6,1381.4
CREST,243.0,196.4,177.35,235.6
CRISIL,3929.05,2951.65,3203.3,3873.55
CROMPTON,303.05,347.0,404.05,307.0
CSBBANK,327.25,251.2,229.2,323.15
CSLFINANCE,315.0,265.0,240.15,321.05
CUB,125.6,178.95,182.75,132.55
CUMMINSIND,1706.0,1395.85,1248.3,1747.35
CUPID,373.25,269.65,229.75,405.3
CYBERMEDIA,18.55,18.3,18.0,
CYIENT,1709.75,820.0,839.0,1711.9
CYIENTDLM,622.4,,,679.2
DAAWAT,164.7,119.45,108.5,166.8
DABUR,553.35,560.85,563.45,565.5
DALBHARAT,2123.55,1872.15,1764.35,2387.6
DALMIASUG,376.4,388.35,354.45,464.0
DAMODARIND,49.25,51.95,54.2,53.2
DANGEE,12.7,18.6,26.5,11.0
DATAMATICS,564.95,283.45,333.15,596.35
DATAPATTNS,2469.8,1138.95,1181.55,2072.75
DBCORP,227.65,130.45,146.45,243.3
DBL,321.8,223.4,240.95,311.35
DBOL,166.9,202.85,,178.65
DBREALTY,150.15,93.2,103.65,163.3
DBSTOCKBRO,28.65,24.1,31.6,29.15
DCAL,157.95,94.55,106.9,156.9
DCBBANK,117.25,130.8,111.95,120.25
DCM,78.1,83.35,85.05,74.75
DCMNVL,174.4,169.65,198.55,166.8
DCMSHRIRAM,1034.55,894.25,1107.95,1037.35
DCMSRIND,135.25,74.1,84.65,132.35
DCW,54.2,50.85,57.0,58.5
DCXINDIA,341.7,223.0,,308.1
DECCANCE,530.2,505.3,567.75,549.4
DEEPAKFERT,603.75,693.75,919.35,637.3
DEEPAKNTR,2226.05,1998.95,2230.35,2242.25
DEEPINDS,244.05,290.75,239.6,259.8
DELHIVERY,438.15,337.45,579.95,439.25
DELPHIFX,382.25,389.9,411.1,376.15
DELTACORP,182.7,216.7,221.5,180.7
DELTAMAGNT,98.15,79.9,75.35,
DEN,43.6,35.2,36.4,47.1
DENORA,1627.75,672.9,814.15,1640.65
DEVYANI,197.05,177.75,190.3,211.45
DGCONTENT,19.55,16.65,16.35,20.75
DHAMPURSUG,257.65,244.6,230.7,312.75
DHANBANK,23.8,21.1,12.7,29.25
DHANUKA,789.1,719.85,712.3,845.7
DHARMAJ,217.0,212.8,,213.65
DHRUV,55.0,56.35,61.3,60.55
DHUNINV,703.45,683.15,704.5,751.7
DIAMONDYD,939.95,869.55,798.65,887.6
DICIND,473.15,383.25,392.35,439.6
DIL,10.0,13.55,33.4,
DISHTV,18.1,18.8,16.3,19.6
DIVGIITTS,938.05,,,957.45
DIVISLAB,3589.3,3393.0,3605.45,3815.5
DIVOPPBEES,56.1,47.8,46.32,58.47
DIXON,5057.25,3922.15,4584.4,5059.0
DJML,153.9,152.65,,150.35
DLF,503.25,380.05,411.0,532.4
DLINKINDIA,326.4,227.5,191.2,331.2
DMART,3761.05,4060.9,4525.85,3796.0
DMCC,352.6,288.15,,321.55
DNAMEDIA,3.05,3.45,4.0,3.1
DODLA,739.1,505.1,531.55,699.7
DOLATALGO,50.45,63.9,72.85,48.9
DOLLAR,434.9,426.15,541.1,444.0
DONEAR,104.7,93.05,60.45,109.3
DPABHUSHAN,491.0,290.0,410.9,546.5
DPSCLTD,14.8,13.2,14.9,16.55
DPWIRES,676.35,422.4,433.6,655.85
DRCSYSTEMS,43.35,,,38.3
DREAMFOLKS,507.1,373.1,409.15,494.5
DREDGECORP,514.55,389.05,319.5,495.9
DRREDDY,5578.55,4238.35,4169.0,5819.5
DSPBANKETF,44.75,,,46.89
DSPGOLDETF,59.15,,,58.7
DSPITETF,31.35,,,33.36
DSPN50ETF,198.12,184.34,181.45,205.21
DSPNEWETF,235.55,210.01,209.01,244.17
DSPPSBKETF,45.3,,,50.5
DSPPVBKETF,23.41,,,23.98
DSPQ50ETF,192.25,162.91,175.11,194.63
DSPSENXETF,65.44,,,68.0
DSPSILVETF,73.7,69.7,56.13,71.06
DSSL,726.95,349.75,309.1,695.2
DTIL,213.8,232.6,219.35,229.7
DVL,259.8,242.25,253.3,270.25
DWARKESH,90.0,105.4,103.4,103.65
DYNAMATECH,3863.9,2456.2,2393.25,3865.05
DYNPRO,390.65,318.25,322.2,359.8
EASEMYTRIP,40.8,53.15,392.8,39.95
EBBETF0425,1148.93,1097.5,1084.69,1152.89
EBBETF0430,1295.66,1233.97,1221.35,1301.15
EBBETF0431,1156.27,1104.54,1092.47,1158.43
EBBETF0433,1053.31,1005.44,,1055.78
ECLERX,1624.75,1278.55,2303.4,1850.95
EDELWEISS,54.35,64.25,68.1,54.5
EICHERMOT,3400.4,3213.45,3622.25,3427.2
EIDPARRY,477.1,575.8,595.35,562.3
EIFFL,143.55,171.3,156.8,147.0
EIHAHOTELS,493.9,428.85,461.75,480.45
EIHOTEL,272.25,179.15,181.4,236.65
EKC,118.0,100.5,123.1,126.5
ELDEHSG,728.85,596.55,661.85,711.25
ELECON,900.45,373.15,389.45,761.25
ELECTCAST,68.6,39.2,37.45,65.95
ELGIEQUIP,493.4,410.25,524.85,520.05
ELGIRUBCO,50.05,35.95,37.9,57.45
ELIN,176.85,226.25,,165.3
EMAMILTD,535.6,429.75,515.55,547.7
EMAMIPAP,132.4,145.15,185.45,139.7
EMAMIREAL,80.3,82.9,76.2,84.45
EMKAY,88.35,77.0,88.0,85.5
EMMBI,88.65,97.2,103.55,109.25
EMUDHRA,498.1,309.7,322.15,492.15
ENDURANCE,1659.6,1381.3,1504.1,1621.3
ENERGYDEV,17.65,19.45,22.5,20.1
ENGINERSIN,157.75,80.1,69.7,153.15
ENIL,156.35,155.05,173.95,148.85
EPL,195.9,169.6,172.75,198.6
EQUITASBNK,88.8,59.35,50.9,85.65
ERIS,812.35,661.25,699.55,821.7
EROSMEDIA,18.1,28.25,,18.8
ESABINDIA,5400.05,4253.05,3443.15,5145.35
ESCORTS,3133.9,2166.8,2000.6,3151.95
ESG,31.78,,,32.92
ESTER,95.75,132.95,176.45,94.1
ETHOSLTD,1654.85,1015.25,1035.85,1728.8
EVEREADY,420.15,355.55,336.25,405.1
EVERESTIND,1210.05,773.7,686.1,1112.05
EXCELINDUS,947.75,1149.3,1462.15,912.9
EXIDEIND,265.75,180.9,173.45,268.25
EXPLEOSOL,1356.45,1188.4,1364.0,1426.05
EXXARO,144.2,122.25,113.6,139.15
FACT,467.2,337.0,122.95,566.8
FAIRCHEMOR,1144.65,1301.45,2005.35,1156.95
FAZE3Q,395.7,278.35,,380.4
FCL,313.15,252.1,362.75,326.45
FCSSOFT,2.3,2.8,3.15,2.75
FDC,380.4,274.05,280.35,372.85
FEDERALBNK,143.8,137.75,122.05,148.25
FIBERWEB,30.75,36.2,39.6,32.55
FIEMIND,2004.65,1739.85,1728.25,1827.1
FILATEX,48.85,45.85,108.9,46.45
FINCABLES,1093.4,560.85,476.45,1114.65
FINEORG,4817.4,5646.85,6979.1,4989.8
FINOPB,355.55,247.5,279.35,344.5
FINPIPE,248.05,188.85,145.35,226.05
FIVESTAR,728.25,627.5,,687.55
FLUOROCHEM,3073.55,3100.3,3611.65,3125.4
FMGOETZE,364.0,314.1,301.1,369.45
FMNL,6.75,5.8,5.7,
FOCUS,770.2,311.35,140.55,803.5
FOODSIN,183.75,,82.9,171.4
FORCEMOT,3496.55,1499.35,1385.7,3780.15
FORTIS,324.4,283.6,306.55,330.5
FOSECOIND,3642.35,1933.9,1968.1,3425.1
FSL,167.8,103.9,113.0,169.4
FUSION,623.3,396.0,,616.15
GABRIEL,318.0,190.85,163.95,317.55
GAEL,260.65,253.4,286.45,290.35
GAIL,121.35,96.8,91.2,123.85
GALAXYSURF,2669.4,2467.25,3304.25,2651.0
GALLANTT,92.8,63.8,62.55,96.6
GANDHITUBE,722.5,519.15,470.55,685.8
GANECOS,1052.15,924.45,641.6,1008.1
GANESHBE,172.55,142.5,126.95,160.65
GANESHHOUC,428.2,364.3,383.95,440.05
GANGESSECU,115.7,124.0,110.6,130.45
GARFIBRES,3187.25,3122.8,3502.3,3138.65
GATEWAY,86.05,69.25,70.85,86.7
GATI,147.05,143.1,188.45,167.55
GEECEE,182.9,157.15,153.25,199.0
GENESYS,346.85,443.9,,356.25
GENSOL,1920.0,,,1875.45
GENUSPAPER,18.85,18.75,16.6,19.1
GENUSPOWER,271.5,84.55,88.05,270.15
GEOJITFSL,57.85,47.95,52.95,53.1
GEPIL,174.9,138.0,159.25,176.1
GESHIP,768.2,661.9,548.65,836.25
GET&D,316.1,116.5,136.7,378.25
GFLLIMITED,84.0,65.15,78.35,82.25
GHCL,607.65,532.8,689.55,647.8
GHCLTEXTIL,79.1,,,77.45
GICHSGFIN,180.25,232.0,143.95,207.15
GICRE,219.55,196.3,129.3,235.15
GILLANDERS,74.25,75.55,71.55,78.95
GILLETTE,5537.2,5015.15,5404.0,6281.85
GILT5YBEES,52.85,50.33,49.56,53.08
GIPCL,128.5,83.7,92.3,142.85
GLAND,1768.1,1575.75,2322.8,1696.15
GLAXO,1438.3,1303.85,1405.9,1600.25
GLENMARK,757.05,434.7,393.35,856.5
GLFL,3.7,2.9,3.85,3.4
GLOBUSSPR,892.4,842.95,878.8,932.8
GLS,631.8,418.8,428.15,646.2
GMBREW,598.05,617.35,627.55,663.05
GMDCLTD,249.3,151.8,155.2,288.6
GMMPFAUDLR,1670.3,1601.05,1920.95,1839.45
GMRINFRA,62.95,40.8,40.2,60.65
GMRP&UI,28.45,23.2,28.3,42.05
GNA,545.55,720.3,744.15,495.25
GNFC,623.4,567.3,771.55,650.85
GOACARBON,530.9,561.65,476.75,528.25
GOCLCORP,431.5,363.95,293.15,434.4
GOCOLORS,1352.5,1174.4,1288.75,1387.85
GODFRYPHLP,2132.35,1998.85,1160.0,2069.9
GODREJAGRO,480.65,474.9,525.6,492.5
GODREJCP,1005.35,892.75,929.0,1002.05
GODREJIND,536.95,438.1,476.5,574.95
GODREJPROP,1643.65,1243.1,1390.7,1660.85
GOKEX,770.85,366.4,345.65,775.6
GOKUL,30.8,42.95,31.0,34.1
GOKULAGRO,111.25,133.45,91.65,115.2
GOLDBEES,50.37,47.63,43.05,50.12
GOLDETF,59.2,,,58.9
GOLDIAM,126.15,134.3,140.2,129.85
GOLDSHARE,50.6,47.6,43.05,50.25
GOODLUCK,577.9,388.7,484.95,582.55
GOODYEAR,1358.75,1140.45,1170.8,1316.35
GPIL,621.55,409.0,293.9,623.8
GPPL,129.95,104.2,93.35,131.5
GRANULES,302.3,326.45,318.2,331.25
GRAPHITE,476.55,384.3,393.15,506.8
GRASIM,1811.5,1717.05,1808.3,1972.85
GRAUWEIL,137.45,87.55,71.15,134.9
GRAVITA,783.75,449.5,328.35,804.0
GREAVESCOT,148.75,137.05,174.9,146.05
GREENLAM,443.65,331.4,329.65,457.6
GREENPANEL,381.5,341.9,444.0,385.6
GREENPLY,163.45,146.35,202.0,160.9
GRINDWELL,2251.05,1847.2,2225.0,2066.2
GRINFRA,1275.1,1178.7,1343.15,1263.25
GRMOVER,183.65,417.8,442.7,215.5
GROBTEA,906.45,876.55,1015.55,890.2
GRSE,815.75,492.5,340.4,844.9
GRWRHITECH,1237.05,670.55,789.85,1258.1
GSFC,177.6,139.8,147.8,172.85
GSLSU,179.85,,,173.75
GSPL,277.35,272.05,252.7,279.1
GSS,197.0,254.5,239.9,206.45
GTL,7.6,8.1,8.95,
GTLINFRA,0.75,1.2,1.5,1.3
GTPL,153.85,136.9,173.75,183.65
GUFICBIO,323.3,225.35,236.45,299.15
GUJALKALI,731.95,778.95,944.1,742.1
GUJGASLTD,458.0,490.6,530.65,451.3
GULFOILLUB,585.1,432.4,462.7,551.75
GULFPETRO,45.8,42.8,60.6,45.4
GULPOLY,222.2,266.55,270.1,227.65
GVKPIL,5.0,3.2,,7.9
HAL,3941.75,2539.05,2544.15,3947.65
HAPPSTMNDS,924.7,887.4,1034.0,941.95
HARDWYN,38.9,339.35,263.15,39.8
HARIOMPIPE,630.4,359.1,282.15,586.45
HARRMALAYA,137.65,141.05,163.05,157.9
HARSHA,446.85,387.85,,431.95
HATHWAY,16.9,17.6,17.45,18.1
HATSUN,1180.85,899.9,1084.25,1186.45
HAVELLS,1377.75,1127.95,1358.4,1431.05
HBLPOWER,274.3,105.25,103.2,265.7
HBSL,57.7,55.8,58.0,56.45
HCC,29.0,21.45,13.25,25.1
HCG,350.45,284.15,271.25,362.2
HCLTECH,1185.8,1041.35,919.9,1304.6
HDFCAMC,2431.25,2189.65,2009.75,2726.05
HDFCBANK,1574.7,1639.35,1520.7,1661.75
HDFCBSE500,31.04,,,28.04
HDFCGOLD,51.99,,,51.64
HDFCGROWTH,96.86,87.58,,101.06
HDFCLIFE,641.35,595.6,566.75,644.9
HDFCLIQUID,999.99,,,1000.0
HDFCLOWVOL,149.0,132.0,,153.56
HDFCMID150,148.67,,,152.58
HDFCMOMENT,231.93,195.0,,232.55
HDFCNEXT50,450.19,423.51,450.14,462.46
HDFCNIF100,196.51,184.0,183.14,203.36
HDFCNIFBAN,449.97,,,467.42
HDFCNIFIT,318.3,287.7,,336.5
HDFCNIFTY,212.18,,,220.77
HDFCPVTBAN,233.35,221.0,,240.42
HDFCQUAL,44.0,38.55,,44.2
HDFCSENSEX,718.97,,,745.81
HDFCSILVER,73.5,68.85,56.17,70.72
HDFCSML250,120.72,,,123.4
HDFCVALUE,103.03,91.86,,106.81
HEADSUP,12.45,16.65,13.25,12.1
HEALTHY,9.59,8.08,7.93,9.91
HECPROJECT,44.7,57.4,29.25,46.85
HEG,1745.25,1077.2,1195.15,1745.65
HEIDELBERG,192.25,189.0,195.3,187.8
HEMIPROP,118.3,112.65,103.2,117.85
HERANBA,366.5,500.5,586.8,376.75
HERCULES,351.1,217.6,190.75,323.5
HERITGFOOD,256.05,371.5,329.55,237.9
HEROMOTOCO,2927.4,2720.4,2790.3,3064.85
HESTERBIO,1719.35,1792.8,2144.2,1736.3
HEUBACHIND,461.35,,,491.9
HEXATRADEX,145.75,156.0,166.8,149.8
HFCL,74.85,76.65,79.2,72.9
HGINFRA,922.9,639.45,625.4,985.3
HGS,1005.65,1336.1,1423.95,1020.0
HIKAL,308.45,416.85,372.8,305.45
HIL,2993.5,2716.8,3524.7,3054.3
HIMATSEIDE,147.6,83.1,104.6,146.85
HINDALCO,473.25,479.9,424.4,496.55
HINDCOMPOS,421.35,308.2,393.65,446.9
HINDCOPPER,167.1,116.35,122.0,161.3
HINDMOTORS,14.8,,16.9,15.8
HINDOILEXP,166.0,139.65,156.9,171.35
HINDPETRO,250.25,237.7,238.4,252.25
HINDUNILVR,2504.8,2542.05,2560.4,2469.7
HINDWAREAP,591.4,459.85,399.1,578.35
HINDZINC,319.7,331.65,290.75,321.5
HITECH,77.15,859.55,617.4,87.5
HITECHGEAR,398.0,257.05,235.45,386.35
HLEGLAS,583.85,660.6,3753.0,588.35
HLVLTD,18.25,12.0,9.85,19.75
HMAAGRO,764.1,,,789.85
HNDFDS,549.25,,480.95,548.2
HNGSNGBEES,268.61,292.9,264.9,271.45
HOMEFIRST,863.3,739.9,890.6,849.45
HONAUT,39397.6,41044.8,41889.4,40010.2
HONDAPOWER,2638.15,2219.75,1507.3,2767.35
HPAL,531.05,380.9,445.75,487.5
HPIL,133.5,104.1,,
HPL,232.8,102.2,73.85,221.3
HSCL,233.35,99.7,103.95,241.7
HTMEDIA,24.05,22.25,23.9,25.7
HUDCO,76.4,53.05,39.5,73.1
HUHTAMAKI,259.45,201.75,214.5,263.05
IBMFNIFTY,197.92,191.95,186.69,201.6
IBREALEST,81.15,83.4,81.9,78.1
IBULHSGFIN,197.1,150.65,136.7,191.9
ICEMAKE,491.1,278.6,,502.35
ICICI10GS,218.2,207.0,,219.35
ICICI500,28.67,25.96,26.2,29.66
ICICI5GSEC,53.24,50.65,50.17,53.49
ICICIALPLV,197.82,174.26,176.05,204.17
ICICIAUTO,161.79,127.02,134.08,166.87
ICICIB22,71.59,57.56,55.1,74.7
ICICIBANK,968.7,901.35,917.6,992.45
ICICIBANKN,44.82,43.49,41.33,46.62
ICICIBANKP,230.84,219.41,210.32,238.47
ICICICOMMO,63.63,59.76,,66.29
ICICICONSU,84.87,76.1,81.15,87.05
ICICIFIN,19.79,16.93,,20.36
ICICIFMCG,528.96,450.37,449.6,535.74
ICICIGI,1341.35,1267.6,1234.85,1377.85
ICICIGOLD,51.92,49.07,44.22,51.56
ICICIINFRA,61.3,54.05,54.12,64.12
ICICILIQ,999.99,999.99,1000.0,999.99
ICICILOVOL,161.0,142.82,143.22,165.94
ICICIM150,151.1,122.46,124.53,155.62
ICICIMCAP,119.75,100.67,109.71,122.59
ICICIMOM30,22.58,19.72,20.39,23.27
ICICINF100,212.57,200.75,200.08,220.58
ICICINIFTY,213.11,198.38,194.42,221.44
ICICINV20,111.43,99.83,95.98,116.28
ICICINXT50,46.39,43.8,46.79,47.54
ICICIPHARM,95.67,81.02,79.69,99.33
ICICIPRULI,561.8,468.85,575.2,595.0
ICICIQTY30,160.14,,,166.79
ICICISENSX,727.99,673.99,660.94,753.91
ICICISILVE,76.13,71.35,58.1,73.34
ICICITECH,33.02,30.12,28.68,34.98
ICIL,246.55,141.05,156.7,243.85
ICRA,5708.7,4929.85,3777.8,5726.2
IDBI,60.05,55.9,46.1,69.6
IDEA,10.0,7.95,9.65,11.7
IDEAFORGE,984.8,,,990.8
IDFC,123.5,84.75,69.75,126.45
IDFCFIRSTB,93.4,61.35,52.75,94.55
IDFNIFTYET,208.4,194.0,189.81,216.0
IEX,131.75,142.65,162.6,134.35
IFBAGRO,518.4,539.0,620.85,537.15
IFBIND,960.35,935.65,1044.0,946.55
IFCI,15.9,14.5,11.05,16.75
IFGLEXPOR,474.65,262.25,273.55,485.15
IGARASHI,584.05,419.65,448.85,620.55
IGL,467.05,419.3,435.35,473.4
IGPL,502.85,525.9,615.65,533.6
IIFL,595.2,466.4,362.85,585.35
IIFLSEC,80.25,66.1,78.55,79.55
IKIO,378.65,,,361.25
IMAGICAA,56.7,40.1,,56.4
IMFA,392.9,279.6,267.85,388.95
IMPAL,809.55,730.65,751.3,807.85
INCREDIBLE,29.55,22.3,24.75,29.9
INDBANK,31.8,33.05,23.3,40.65
INDHOTEL,424.25,320.2,333.9,416.65
INDIACEM,260.95,222.35,270.3,247.4
INDIAGLYCO,769.7,775.55,905.35,707.2
INDIAMART,3111.85,4351.15,4697.1,3086.45
INDIANB,377.1,296.8,204.85,397.7
INDIANCARD,212.1,233.65,222.0,265.9
INDIANHUME,285.5,153.85,176.55,262.55
INDIGO,2438.9,2040.95,1902.1,2391.45
INDIGOPNTS,1583.2,1308.25,1580.8,1535.15
INDNIPPON,474.6,406.7,492.3,539.9
INDOAMIN,118.4,93.85,140.4,125.6
INDOCO,311.85,410.65,359.35,362.1
INDORAMA,51.95,59.95,61.95,50.05
INDSWFTLAB,103.65,68.45,60.05,91.15
INDTERRAIN,54.85,75.15,67.05,61.0
INDUSINDBK,1416.55,1240.95,1195.85,1450.0
INDUSTOWER,181.7,189.7,203.8,188.25
INFIBEAM,14.75,16.9,16.65,17.75
INFOBEAN,484.8,533.15,632.1,468.3
INFOMEDIA,5.15,5.3,5.1,5.05
INFRABEES,623.7,551.36,554.47,651.98
INFY,1443.85,1522.55,1432.8,1511.6
INGERRAND,3187.75,1928.35,2053.15,2992.6
INOXGREEN,68.65,47.1,,68.9
INOXWIND,206.05,108.6,157.9,197.65
INSECTICID,506.0,727.25,995.0,496.8
INTELLECT,733.05,447.6,585.3,717.4
INTENTECH,79.35,69.35,81.9,85.7
INTLCONV,84.4,57.15,63.1,83.55
INVENTURE,2.05,2.7,3.2,2.35
IOB,30.1,32.25,19.1,39.5
IOC,89.05,78.5,71.55,91.95
IOLCP,431.3,371.95,397.4,503.4
IONEXCHANG,568.4,2777.9,2236.4,521.95
IPCALAB,866.8,849.95,875.25,930.75
IPL,296.55,249.15,308.85,286.5
IRB,30.4,314.8,232.7,30.85
IRCON,118.7,60.75,42.3,145.9
IRCTC,688.35,644.05,724.35,695.65
IRFC,55.75,33.85,22.3,79.35
IRISDOREME,75.55,251.35,193.5,74.25
ISEC,624.7,502.1,531.2,639.35
ISFT,128.85,147.35,152.25,142.4
ISGEC,694.4,479.7,544.7,735.95
ISMTLTD,80.95,55.55,54.8,76.65
ITBEES,33.07,30.18,28.79,35.07
ITC,441.05,331.1,334.1,448.35
ITDC,389.65,355.35,375.6,388.65
ITDCEM,234.35,123.55,113.8,226.7
ITI,120.4,105.2,111.85,196.55
IVP,165.6,127.65,153.85,173.8
IVZINGOLD,5252.05,4985.55,4479.35,5215.0
IWEL,2715.85,966.35,797.95,2551.05
J&KBANK,88.9,57.9,33.3,104.6
JAGRAN,107.9,75.05,70.6,104.7
JAGSNPHARM,422.25,369.45,387.2,440.95
JAICORPLTD,241.65,151.0,181.3,213.6
JAIPURKURT,91.0,,57.1,80.65
JAMNAAUTO,121.65,105.05,119.9,122.05
JASH,1489.95,854.55,800.3,1354.55
JAYAGROGN,204.7,180.25,220.45,207.6
JAYBARMARU,285.45,162.3,181.15,280.65
JAYNECOIND,32.8,25.7,32.7,39.0
JAYSREETEA,96.85,100.15,99.1,99.3
JBCHEPHARM,2796.15,1982.85,1953.1,2956.95
JCHAC,1310.85,1139.85,1533.9,1288.1
JINDALPHOT,369.9,348.1,352.55,377.0
JINDALPOLY,681.35,783.45,982.4,665.1
JINDALSAW,360.7,110.5,88.4,369.8
JINDALSTEL,701.1,598.5,446.35,711.45
JINDRILL,552.4,292.95,267.85,564.3
JINDWORLD,388.7,435.55,246.85,382.35
JISLJALEQS,62.3,33.45,42.2,61.55
JKCEMENT,3341.0,2964.65,2914.2,3276.8
JKIL,419.9,283.75,301.0,408.1
JKLAKSHMI,667.35,787.05,616.2,654.15
JKPAPER,367.7,416.0,435.25,396.1
JKTYRE,267.65,188.35,186.9,258.7
JMA,79.6,69.55,73.55,77.4
JMFINANCIL,86.1,73.35,67.9,86.0
JOCIL,192.0,198.05,199.9,210.9
JPASSOCIAT,11.25,10.95,9.15,12.95
JPOLYINVST,486.1,453.05,408.15,470.3
JPPOWER,8.2,7.65,8.5,10.1
JSL,463.65,248.7,137.4,491.2
JSWENERGY,354.25,289.95,340.45,398.85
JSWHL,4515.7,4419.05,4782.25,4773.35
JSWSTEEL,806.4,767.9,689.65,812.85
JTEKTINDIA,135.55,145.2,102.85,144.35
JTLIND,417.75,305.35,,218.35
JUBLFOOD,506.05,507.35,634.5,533.4
JUBLINDS,699.4,403.15,,687.2
JUBLINGREA,518.05,534.15,500.8,495.55
JUBLPHARMA,469.85,359.9,331.75,433.55
JUNIORBEES,476.02,448.58,480.38,489.03
JUSTDIAL,765.65,601.3,600.1,717.6
JWL,360.5,98.9,,351.65
JYOTHYLAB,365.55,204.05,190.2,357.15
KABRAEXTRU,440.05,491.3,403.0,464.75
KAJARIACER,1459.0,1150.15,1243.85,1343.0
KAKATCEM,226.1,227.85,230.4,231.6
KALYANKJIL,245.5,124.7,97.4,228.65
KAMDHENU,303.05,384.75,,297.5
KANORICHEM,121.7,152.4,154.75,129.1
KANPRPLA,121.5,103.0,118.5,119.0
KANSAINER,340.0,428.15,505.05,326.65
KAPSTON,157.35,135.25,141.05,161.7
KARURVYSYA,121.75,112.0,84.75,132.95
KAYA,368.85,322.55,365.5,350.65
KAYNES,1990.9,738.35,,2119.25
KCP,115.6,113.0,119.55,119.6
KCPSUGIND,32.55,31.6,22.85,36.5
KDDL,1892.35,1049.8,908.25,1986.45
KEC,669.95,474.3,450.75,660.25
KECL,111.4,63.35,43.8,109.45
KEI,2681.4,1515.4,1524.75,2651.65
KELLTONTEC,90.15,,70.1,91.6
KENNAMET,2822.5,2294.75,2597.8,2757.25
KEYFINSERV,117.45,106.85,137.9,112.35
KFINTECH,443.65,358.25,,464.95
KHADIM,275.1,239.0,282.0,275.45
KHAICHEM,68.8,78.35,82.95,67.7
KICL,2463.3,2178.8,1995.6,2783.55
KIMS,1933.55,1507.4,1241.85,2055.3
KINGFA,2389.3,1309.7,,2359.85
KIOCL,222.8,227.95,210.65,262.2
KIRIINDUS,276.6,471.3,505.5,281.4
KIRLFER,479.1,365.6,258.8,463.75
KIRLOSBROS,830.0,321.1,344.6,813.2
KIRLOSENG,491.65,316.3,248.2,485.3
KIRLOSIND,3553.65,1993.1,1627.45,3487.8
KIRLPNU,624.4,,,609.25
KITEX,198.4,192.75,225.65,198.3
KKCL,673.25,512.2,419.35,696.95
KMSUGAR,31.4,30.4,29.0,33.95
KNRCON,274.35,266.2,251.1,276.15
KOLTEPATIL,452.85,269.35,351.3,456.05
KOPRAN,235.7,148.8,180.65,229.6
KOTAKALPHA,33.89,28.73,30.97,34.64
KOTAKBANK,1771.1,1832.85,1934.15,1813.9
KOTAKBKETF,452.53,441.09,418.23,469.58
KOTAKCONS,83.6,75.56,80.3,87.62
KOTAKGOLD,50.66,47.83,43.11,50.22
KOTAKIT,32.76,29.91,28.54,34.74
KOTAKLIQ,1000.0,,,1000.0
KOTAKLOVOL,15.16,13.47,13.45,15.63
KOTAKMID50,113.98,89.12,89.74,118.02
KOTAKMNC,22.02,19.79,20.17,22.49
KOTAKNIFTY,208.54,194.07,190.42,216.44
KOTAKNV20,114.11,101.73,97.77,118.27
KOTAKPSUBK,450.48,435.96,321.9,504.42
KOTAKSILVE,74.54,69.2,,71.48
KOTHARIPET,126.95,70.25,76.3,121.9
KOTHARIPRO,128.6,147.2,134.15,127.3
KOVAI,2693.6,1719.2,1533.8,2614.55
KPIGREEN,873.4,905.35,901.5,857.3
KPIL,656.1,,,661.35
KPITTECH,1200.7,691.75,594.0,1169.65
KPRMILL,761.6,517.1,590.6,725.05
KRBL,401.45,393.05,358.0,422.2
KRISHANA,430.9,435.3,356.05,420.35
KRITI,110.3,82.45,86.75,105.85
KRSNAA,645.15,457.35,510.55,652.7
KSB,2742.9,1904.35,1940.8,2667.25
KSCL,544.9,512.25,475.85,605.55
KSL,499.4,372.2,332.55,535.3
KTKBANK,218.1,158.0,82.45,228.0
KUANTUM,188.4,143.6,120.35,186.5
L&TFH,126.45,90.4,84.55,128.7
LALPATHLAB,2201.25,2239.3,2363.85,2335.8
LANDMARK,703.5,508.05,,790.55
LAOPALA,432.2,384.5,365.55,423.95
LASA,31.2,31.6,38.85,
LATENTVIEW,455.15,370.45,394.65,427.3
LAURUSLABS,396.45,377.8,530.75,400.95
LAXMICOT,20.15,22.65,25.05,21.2
LAXMIMACH,15132.35,12168.8,12550.45,15161.25
LEMONTREE,108.05,83.75,86.0,121.55
LFIC,138.4,112.95,104.9,145.8
LGBBROSLTD,1059.25,724.05,777.3,1046.9
LGBFORGE,10.15,13.05,13.85,9.25
LIBAS,13.05,18.15,25.55,13.1
LIBERTSHOE,256.75,286.6,191.5,253.85
LICHSGFIN,433.2,421.6,440.35,458.75
LICI,645.75,734.6,672.6,667.5
LICMFGOLD,5419.2,,,5370.0
LICNETFGSC,23.99,22.69,22.63,24.04
LICNETFN50,211.26,196.25,192.81,218.68
LICNETFSEN,717.01,665.74,651.0,742.05
LICNFNHGP,208.31,195.25,195.52,214.99
LIKHITHA,300.75,239.7,358.7,306.85
LINC,648.55,446.95,309.35,715.3
LINCOLN,509.95,354.55,296.45,514.9
LINDEINDIA,6549.35,3482.55,3426.65,5922.0
LIQUID,999.99,,,999.99
LIQUIDBEES,1000.01,1000.0,1000.0,999.99
LIQUIDETF,999.99,999.99,999.99,999.99
LLOYDSME,548.35,,,572.95
LODHA,680.75,1091.4,1040.55,796.25
LORDSCHLO,175.05,,,166.0
LOVABLE,138.8,134.95,170.25,134.2
LOWVOL,148.58,,,154.58
LOYALTEX,649.35,771.55,864.35,662.55
LPDC,7.2,7.9,7.05,7.1
LT,2702.1,2088.95,1957.5,2908.55
LTGILTBEES,24.38,23.07,22.78,24.43
LTIM,5303.35,4349.15,,5532.8
LTTS,4450.7,3707.25,3631.4,4723.95
LUMAXIND,2286.45,1715.9,1767.65,2302.5
LUMAXTECH,376.05,240.05,308.25,375.8
LUPIN,1093.85,737.95,662.9,1150.7
LUXIND,1467.45,1654.35,1914.65,1535.4
LXCHEM,297.85,299.4,382.95,295.1
LYKALABS,117.0,129.95,142.0,113.3
M&M,1591.95,1249.3,1297.05,1601.1
M&MFIN,299.15,234.25,229.9,300.95
MACPOWER,301.55,329.95,283.4,305.25
MADHAV,49.3,44.7,51.85,46.25
MADRASFERT,75.25,72.9,53.1,81.8
MAFANG,64.24,38.04,40.81,64.61
MAGADSUGAR,526.7,325.05,308.1,670.2
MAHABANK,38.35,32.05,19.6,45.1
MAHEPC,127.65,109.25,111.65,119.55
MAHKTECH,14.83,15.09,13.6,14.71
MAHLIFE,568.25,365.7,494.35,578.7
MAHLOG,393.8,503.25,534.15,407.25
MAHSCOOTER,7222.65,4689.9,5270.2,7560.45
MAHSEAMLES,559.1,334.4,833.85,575.45
MAITHANALL,1070.35,1092.4,1064.35,1059.9
MAKEINDIA,99.22,,,101.07
MALLCOM,1046.1,741.55,695.05,1040.85
MALUPAPER,35.15,40.05,37.75,41.3
MANAKALUCO,26.1,22.3,21.8,27.55
MANAKCOAT,18.95,18.1,19.65,
MANAKSIA,141.35,77.7,83.85,143.5
MANAKSTEEL,49.55,35.6,38.85,48.5
MANALIPETC,68.1,82.7,101.35,66.4
MANAPPURAM,151.8,122.1,102.65,141.8
MANGALAM,104.5,136.85,159.75,102.45
MANGCHEFER,111.05,85.8,127.45,109.15
MANGLMCEM,354.9,300.1,368.65,366.75
MANINDS,179.05,78.8,88.2,167.95
MANINFRA,152.5,75.35,98.25,145.45
MANKIND,1716.55,,,1765.65
MANOMAY,129.3,,,143.7
MANORAMA,1947.2,1019.35,1242.4,1826.35
MANORG,389.75,514.45,605.4,385.8
MANUGRAPH,26.15,15.9,15.1,
MANYAVAR,1258.4,1333.4,1427.4,1314.0
MAPMYINDIA,1730.7,1055.7,1387.65,1715.7
MARALOVER,62.25,66.4,68.25,74.95
MARATHON,369.55,227.2,257.5,454.75
MARICO,569.35,510.6,523.7,580.15
MARKSANS,111.35,59.0,53.55,103.05
MARUTI,10331.25,8382.75,9209.75,10525.25
MASFIN,818.25,829.75,745.75,880.7
MASPTOP50,32.9,25.88,26.47,33.13
MASTEK,2365.5,1709.15,1855.85,2382.25
MATRIMONY,635.75,590.4,677.25,591.85
MAWANASUG,99.55,99.5,94.0,115.65
MAXHEALTH,574.95,446.55,439.55,572.45
MAXIND,152.8,98.45,82.9,147.95
MAYURUNIQ,563.5,423.1,540.7,513.95
MAZDOCK,1887.05,834.15,418.4,2270.0
MBAPL,635.9,,,608.15
MCDOWELL-N,1012.45,865.05,853.65,1048.95
MCLEODRUSS,24.8,29.4,23.8,
MCX,1824.0,1478.0,1292.9,1779.65
MEDANTA,706.75,458.9,,701.95
MEDICAMEQ,723.3,845.75,1093.8,676.0
MEDICO,78.4,,,69.75
MEDPLUS,833.1,619.05,703.2,808.25
MENONBE,153.9,104.0,122.35,149.6
MEP,11.75,19.1,15.3,12.45
METROBRAND,1053.25,873.1,802.9,1084.45
METROPOLIS,1362.9,1366.85,1418.35,1476.8
MFL,1003.85,1191.15,1529.35,
MFSL,937.25,709.75,813.0,935.25
MGL,1030.3,856.6,895.55,1053.35
MHRIL,397.55,268.15,293.85,415.25
MID150BEES,151.19,122.7,125.38,155.54
MIDCAPETF,14.92,,,15.34
MIDHANI,411.25,222.6,203.5,420.3
MINDACORP,345.25,204.85,231.65,343.6
MIRZAINT,44.85,244.65,346.3,44.35
MITCON,79.95,64.1,77.15,79.4
MKPL,815.15,,,840.5
MMFL,935.65,829.05,871.05,918.05
MMTC,43.75,38.5,38.1,61.6
MOGSEC,52.66,50.14,49.4,52.88
MOHEALTH,27.99,23.09,23.01,28.92
MOHITIND,15.2,16.6,20.8,15.35
MOIL,242.6,170.65,165.4,230.55
MOKSH,13.05,12.5,14.9,15.0
MOL,83.7,111.45,132.3,84.3
MOLDTECH,378.25,155.25,93.1,339.7
MOLDTKPAC,967.7,989.8,1017.7,940.6
MOLOWVOL,28.39,25.21,24.51,28.7
MOM100,41.99,33.8,34.39,43.43
MOM50,196.71,184.22,179.2,204.48
MOMENTUM,22.45,19.59,20.5,23.07
MOMOMENTUM,44.86,39.28,40.66,46.37
MON100,124.6,90.25,96.9,124.66
MONARCH,349.65,346.85,394.85,339.6
MONQ50,53.29,52.35,55.01,53.87
MONTECARLO,749.6,714.35,863.3,774.1
MOQUALITY,135.1,122.06,126.72,
MORARJEE,20.9,22.8,20.2,21.6
MOREPENLAB,38.7,35.25,34.15,37.6
MOTHERSON,97.8,76.05,128.95,98.45
MOTILALOFS,908.7,711.05,791.8,852.75
MOVALUE,60.25,50.68,52.0,63.78
MPHASIS,2433.2,2004.3,2096.65,2493.15
MPSLTD,1497.35,867.05,710.8,1495.5
MRF,107984.15,88876.15,92868.45,109233.85
MRO-TEK,61.2,60.0,66.35,59.9
MRPL,96.35,57.1,71.35,94.1
MSTCLTD,400.1,302.95,284.6,438.05
MSUMI,65.95,57.5,91.05,65.7
MTARTECH,2723.95,1600.5,1683.0,2602.45
MTNL,25.2,26.1,24.25,27.7
MUKANDLTD,185.95,129.2,114.15,171.95
MUKTAARTS,59.6,53.5,63.85,60.95
MUNJALAU,58.65,48.05,54.3,58.55
MUNJALSHOW,141.65,100.15,106.05,151.0
MUTHOOTCAP,403.75,270.45,244.75,429.65
MUTHOOTFIN,1261.25,1087.25,1059.55,1325.55
NACLIND,82.25,104.95,79.95,78.95
NAGAFERT,8.75,,,8.75
NAHARCAP,287.55,326.95,400.1,323.6
NAHARINDUS,118.85,110.9,129.95,146.7
NAHARPOLY,251.95,267.75,369.8,253.45
NAHARSPING,271.45,279.95,346.35,272.9
NAM-INDIA,317.25,253.15,294.55,333.3
NARMADA,19.45,23.95,,19.85
NATCOPHARM,902.6,563.1,637.75,882.25
NATHBIOGEN,209.35,164.65,180.75,223.45
NATIONALUM,98.35,83.1,79.25,97.35
NAUKRI,4372.35,3917.0,4197.9,4484.6
NAVA,417.8,256.2,216.75,415.2
NAVINFLUOR,4599.15,4034.0,4807.3,4543.55
NAVKARCORP,58.8,66.8,66.5,60.25
NAVNETEDUL,160.35,121.15,144.4,155.95
NAZARA,759.55,611.4,736.9,836.8
NBCC,52.75,41.1,34.7,60.35
NBIFIN,1741.4,1696.8,1927.0,1859.8
NCC,170.95,90.65,73.6,145.35
NCLIND,238.15,176.2,191.6,224.0
NDGL,1671.05,1389.3,1450.45,1759.2
NDL,23.1,26.0,35.25,23.3
NDTV,215.8,344.75,,219.65
NECCLTD,21.9,24.8,26.9,22.2
NECLIFE,26.45,23.8,24.95,25.75
NELCAST,137.55,112.75,87.65,129.8
NELCO,814.65,698.55,952.45,809.05
NEOGEN,1735.55,1249.65,1559.35,1739.5
NESCO,718.4,618.35,631.55,719.3
NESTLEIND,21915.55,19727.3,19009.0,22622.3
NETF,204.87,191.34,187.8,212.66
NETWEB,845.8,,,816.55
NETWORK18,69.15,66.85,71.75,66.15
NEULANDLAB,3792.0,1714.2,1235.25,3684.0
NEWGEN,824.95,375.75,388.95,872.25
NEXT50,453.92,,,465.25
NEXTMEDIA,4.9,,5.7,5.8
NFL,67.95,72.75,51.4,75.7
NGLFINE,2304.4,1522.35,1575.0,1981.4
NH,1024.25,749.65,707.8,1111.25
NHPC,50.25,39.8,38.7,54.8
NIACL,129.95,131.7,93.55,143.2
NIF100BEES,201.97,191.29,190.6,209.48
NIFTYBEES,214.27,199.68,195.69,222.57
NIFTYETF,204.77,,,212.85
NIFTYQLITY,16.13,14.24,14.65,16.86
NIITLTD,82.55,316.1,354.8,123.6
NIITMTS,386.55,,,434.25
NILAINFRA,5.55,6.85,8.1,
NILKAMAL,2421.15,1897.8,2242.85,2367.55
NITCO,21.0,29.0,24.15,19.2
NITINSPIN,313.3,210.1,231.65,293.25
NKIND,40.45,39.1,,38.4
NLCINDIA,136.85,86.05,76.0,131.85
NMDC,130.5,125.6,125.65,149.9
NOCIL,220.0,243.45,278.45,245.9
NOIDATOLL,7.0,7.9,9.25,6.9
NOVARTIND,714.4,667.45,716.9,750.05
NPBET,233.7,225.62,215.28,243.93
NRAIL,349.25,291.1,398.2,371.05
NRBBEARING,268.25,158.2,178.15,274.45
NRL,97.45,,,93.9
NSIL,2543.2,2335.75,1872.25,2562.35
NSLNISP,57.45,,,54.15
NTPC,230.7,167.6,175.1,236.2
NUCLEUS,1011.75,389.3,407.15,1019.2
NUVOCO,344.8,370.1,406.65,364.9
NV20BEES,114.37,102.85,98.74,119.8
NYKAA,135.45,153.5,1335.05,153.55
OAL,388.15,409.8,548.45,374.0
OBCL,51.25,77.05,105.0,51.05
OBEROIRLTY,1127.9,877.15,1076.7,1173.9
OCCL,867.2,790.5,962.55,828.95
OFSS,4136.25,2999.55,3109.7,4298.95
OIL,273.05,211.3,188.25,284.4
OLECTRA,1240.1,515.2,614.7,1254.55
OMAXAUTO,55.45,68.15,71.0,60.8
OMAXE,45.7,72.95,104.95,46.05
ONELIFECAP,12.2,14.45,13.3,13.4
ONGC,181.75,149.55,132.6,186.65
ONMOBILE,117.7,102.25,126.3,112.75
ONWARDTEC,566.5,303.4,233.7,575.9
OPTIEMUS,360.25,308.7,263.75,325.75
ORIENTALTL,7.3,8.4,10.95,7.2
ORIENTBELL,453.1,541.3,662.25,463.25
ORIENTCEM,199.85,131.7,138.7,180.9
ORIENTELEC,235.7,262.95,278.15,223.25
ORIENTHOT,88.7,73.7,74.15,88.45
ORIENTLTD,92.8,64.35,65.45,
ORIENTPPR,49.35,42.1,34.35,53.55
ORISSAMINE,4528.95,2941.05,,4721.2
OSWALAGRO,31.45,41.1,44.5,30.35
OSWALGREEN,26.8,,,24.75
OSWALSEEDS,59.5,,,66.15
PAGEIND,39822.0,42166.35,49182.1,40605.15
PAISALO,63.6,78.45,71.1,63.85
PAKKA,185.05,,,216.45
PALREDTEC,163.75,185.9,163.2,151.5
PANACEABIO,134.85,141.35,139.8,145.9
PANAMAPET,325.0,353.4,311.85,324.05
PARADEEP,72.15,59.0,68.4,71.1
PARAGMILK,199.2,103.1,126.7,199.25
PARAS,785.6,593.75,756.3,759.25
PARSVNATH,9.0,9.95,8.6,9.0
PASUPTAC,38.7,33.6,38.9,35.9
PATELENG,56.5,19.7,25.0,55.4
PAVNAIND,425.05,,,444.85
PAYTM,857.4,535.45,729.75,885.15
PCBL,171.45,131.75,148.45,167.6
PCJEWELLER,26.55,82.9,,26.9
PDMJEPAPER,48.6,47.95,44.9,53.0
PDSL,322.3,350.85,311.25,448.65
PEARLPOLY,24.35,24.15,22.55,26.9
PEL,1078.25,840.7,986.1,1070.8
PENIND,111.15,57.85,47.6,109.4
PENINLAND,35.05,13.1,,31.0
PERSISTENT,5543.3,4048.9,3246.75,5965.65
PETRONET,219.55,216.1,215.5,241.0
PFC,257.4,156.0,118.55,279.4
PFIZER,3815.55,4393.45,4290.75,3905.05
PFOCUS,88.8,74.9,80.0,81.05
PFS,28.85,16.9,15.9,28.15
PGEL,1996.95,1118.1,980.1,1822.25
PGHH,16119.25,13933.05,14683.05,17452.15
PGHL,4838.15,4071.7,4300.0,4928.9
PGIL,835.95,408.9,542.3,963.1
PHARMABEES,15.25,12.75,12.65,15.81
PHOENIXLTD,1849.65,1431.2,1377.55,1851.15
PIDILITIND,2498.25,2537.0,2901.85,2481.5
PIIND,3621.1,3413.1,3278.9,3631.65
PILANIINVS,1995.2,1935.3,2008.3,2216.75
PIONEEREMB,52.05,42.7,49.2,49.85
PITTIENG,655.85,315.75,310.8,616.4
PIXTRANS,1184.75,859.35,900.95,1107.7
PLASTIBLEN,237.8,187.75,234.25,233.4
PNB,65.4,57.8,40.45,74.15
PNBGILTS,63.7,64.25,63.35,67.15
PNBHOUSING,651.65,573.1,413.75,719.55
PNC,39.75,41.6,47.9,37.1
PNCINFRA,331.05,307.6,287.5,370.95
POCL,484.05,,,468.45
PODDARMENT,359.9,270.1,269.95,348.15
POKARNA,578.05,380.25,546.6,495.45
POLICYBZR,769.9,453.85,519.65,772.3
POLYCAB,5208.25,2590.9,2652.7,5166.8
POLYMED,1394.35,906.6,910.85,1498.5
POLYPLEX,1223.35,1593.55,2071.2,1170.3
PONNIERODE,398.8,490.6,256.1,431.8
POONAWALLA,409.8,303.85,314.8,388.95
POWERGRID,252.2,215.6,237.6,194.1
POWERINDIA,4380.9,3371.8,3507.4,4303.75
POWERMECH,4235.35,2126.15,1584.3,4297.0
PPAP,227.45,,225.65,267.8
PPL,264.8,166.05,194.0,265.85
PPLPHARMA,103.95,123.9,,101.7
PRAENG,15.3,16.15,14.85,14.0
PRAJIND,494.9,366.55,416.4,587.35
PRAKASH,119.8,58.25,57.8,135.05
PRECAM,260.3,116.2,128.25,274.3
PRECOT,185.95,191.65,261.25,226.1
PRECWIRE,101.05,82.55,88.6,112.65
PRESTIGE,668.45,469.15,471.4,619.9
PRICOLLTD,332.65,192.95,162.55,337.9
PRIMESECU,148.05,103.8,110.95,149.2
PRINCEPIPE,727.4,598.0,602.05,720.9
PRITI,172.9,,211.75,168.15
PRIVISCL,1175.3,1146.25,1427.85,1217.25
PROZONER,30.45,,,28.75
PRSMJOHNSN,130.75,103.45,130.95,133.3
PRUDENT,1121.35,1049.4,691.6,1157.4
PSB,34.8,32.4,16.25,44.65
PSPPROJECT,817.8,716.35,644.9,808.95
PSUBANKICI,45.69,,,50.74
PSUBNKBEES,50.48,48.48,35.88,56.11
PTC,138.8,86.3,84.3,149.3
PTCIL,5960.4,,,5887.35
PTL,33.6,32.35,36.5,36.75
PUNJABCHEM,1149.4,1137.7,1326.5,1137.35
PURVA,109.15,92.5,110.6,110.4
PVRINOX,1779.0,,,1762.25
QGOLDHALF,50.31,47.38,42.81,49.85
QNIFTY,2071.03,1929.46,1890.24,2154.6
QUESS,426.45,409.1,634.4,452.05
QUICKHEAL,219.35,172.75,205.05,225.25
RACE,274.7,,,260.2
RADAAN,1.75,,1.65,1.95
RADHIKAJWE,34.4,152.5,168.9,35.85
RADIANTCMS,95.45,,,94.35
RADICO,1257.5,1043.5,1091.55,1226.9
RAILTEL,241.8,128.15,108.2,222.75
RAIN,164.2,179.8,184.2,175.1
RAINBOW,1054.85,779.1,620.2,1025.95
RAJESHEXPO,500.05,749.05,560.7,528.85
RAJRATAN,744.55,883.1,1244.05,768.1
RAJSREESUG,57.65,59.25,34.2,
RAJTV,48.4,59.2,45.4,48.8
RALLIS,235.25,243.65,240.55,238.9
RAMANEWS,13.05,16.1,17.2,16.2
RAMAPHO,250.55,271.45,335.65,249.4
RAMASTEEL,38.8,182.9,115.9,37.3
RAMCOCEM,888.3,713.25,790.75,894.85
RAMCOIND,190.3,161.25,216.85,182.55
RAMCOSYS,285.15,252.65,282.2,274.2
RAMKY,557.4,311.45,217.75,554.9
RAMRAT,307.85,174.05,463.15,286.6
RANASUG,26.75,26.65,25.35,28.45
RANEHOLDIN,1024.15,907.35,886.3,1203.2
RATEGAIN,617.9,295.0,286.0,577.45
RATNAMANI,2593.7,2020.05,1978.65,2684.65
RAYMOND,2025.3,1495.1,1093.5,2007.25
RBA,123.75,113.25,126.8,128.35
RBL,781.3,733.15,792.05,814.4
RBLBANK,238.05,186.65,130.65,233.15
RCF,121.8,130.55,102.4,130.4
RECLTD,238.8,123.0,106.4,244.9
REDINGTON,156.2,190.2,157.2,158.0
REDTAPE,460.9,,,446.85
REFEX,673.8,274.8,177.15,684.3
RELAXO,924.3,900.35,1065.35,893.4
RELCHEMQ,198.2,193.8,193.25,195.85
RELIANCE,2412.65,2557.05,2562.7,2457.85
RELIGARE,230.2,179.45,169.75,262.05
RENUKA,47.1,58.1,50.85,55.25
REPCOHOME,387.05,230.8,255.9,393.7
REPL,185.85,137.55,172.25,194.7
REPRO,831.9,390.1,496.0,809.65
RESPONIND,245.55,120.25,141.1,336.9
RGL,102.65,100.45,115.8,106.7
RHIM,711.8,864.05,637.15,769.25
RHL,117.55,,,108.8
RICOAUTO,84.65,82.7,60.25,83.65
RIIL,1011.65,940.2,1191.5,971.05
RITES,510.1,337.35,296.25,520.25
RKEC,75.4,44.7,48.0,67.9
RKFORGE,713.1,261.8,207.4,689.4
RML,662.5,416.85,389.8,901.3
ROHLTD,311.35,263.4,261.4,297.8
ROLEXRINGS,2199.05,1767.6,2003.95,2318.25
ROML,44.35,,,44.25
ROSSARI,855.95,726.05,1029.65,828.0
ROSSELLIND,491.65,320.6,301.4,510.45
ROTO,350.9,458.7,478.95,358.45
ROUTE,1553.65,1219.8,1443.65,1591.7
RPGLIFE,1188.1,837.15,752.6,1257.35
RPOWER,19.0,14.8,,19.15
RPPL,157.35,169.1,200.65,164.2
RPSGVENT,639.65,453.25,570.1,630.1
RSWM,211.2,188.5,368.35,196.6
RSYSTEMS,489.25,252.05,233.8,495.15
RTNINDIA,61.15,43.15,54.3,59.6
RTNPOWER,7.0,4.0,5.05,6.95
RUBYMILLS,241.3,200.95,684.3,253.75
RUCHIRA,150.15,126.0,142.65,151.9
RUPA,265.6,282.85,357.85,272.6
RUSHIL,308.35,437.4,653.45,299.0
RUSTOMJEE,606.2,526.6,,590.9
RVNL,138.3,71.95,33.95,170.15
SADHNANIQ,77.4,,,81.6
SAFARI,3671.8,1689.55,1580.3,3522.7
SAGARDEEP,26.2,29.7,32.0,24.95
SAGCEM,235.25,238.35,229.6,234.9
SAH,118.75,,,101.8
SAHYADRI,421.1,,,448.7
SAIL,96.95,88.35,82.25,96.35
SAKAR,352.45,243.05,239.8,326.0
SAKHTISUG,29.9,26.1,23.4,34.85
SAKSOFT,318.55,129.2,1139.75,336.65
SAKUMA,17.3,17.25,16.9,19.7
SALASAR,54.05,52.8,34.1,51.85
SALONA,261.95,265.15,277.35,263.7
SALZERELEC,408.2,265.4,274.0,378.85
SANDESH,1084.2,1172.9,780.65,1040.5
SANDHAR,387.5,227.6,240.05,402.4
SANGAMIND,345.15,235.6,317.75,340.6
SANGHVIMOV,744.25,346.5,262.9,706.4
SANGINITA,22.3,22.7,29.2,23.3
SANOFI,7115.9,5805.8,6042.1,7181.25
SANSERA,944.65,763.4,726.1,964.35
SAPPHIRE,1408.4,1326.0,1440.35,1471.75
SARDAEN,241.75,1117.25,906.8,211.5
SAREGAMA,392.3,389.95,401.7,410.5
SARLAPOLY,47.55,46.85,56.65,51.75
SASKEN,985.0,901.7,928.15,1055.9
SASTASUNDR,288.4,284.25,323.55,284.25
SATIA,130.55,137.25,139.35,133.1
SATIN,207.0,163.35,131.15,241.2
SATINDLTD,114.85,67.5,,117.75
SBCL,576.5,398.25,607.85,548.9
SBFC,86.85,,,85.9
SBGLP,316.45,,,331.6
SBICARD,840.3,792.4,958.65,839.0
SBIETFCON,84.79,76.12,81.11,86.9
SBIETFIT,330.22,301.15,287.54,349.67
SBIETFPB,233.87,221.7,212.5,240.57
SBIETFQLTY,169.16,149.68,153.17,176.29
SBILIFE,1320.55,1268.4,1295.0,1372.65
SBIN,569.55,612.4,572.15,598.8
SCHAEFFLER,3157.6,2752.25,3710.1,3314.4
SCHAND,293.5,179.05,190.75,274.55
SCHNEIDER,355.45,163.25,154.75,351.75
SCI,129.3,148.05,125.65,142.95
SDBL,319.8,115.4,98.7,323.5
SDL24BEES,115.59,110.37,108.82,115.99
SDL26BEES,114.75,109.89,108.28,115.1
SEAMECLTD,638.0,891.7,1126.6,633.1
SECURCRED,20.1,121.35,,18.55
SECURKLOUD,40.9,60.35,71.25,41.45
SELAN,348.25,238.85,303.85,394.4
SENCO,408.1,,,478.75
SEPC,14.3,11.55,9.05,13.15
SEQUENT,92.55,87.8,113.65,91.8
SESHAPAPER,320.85,283.85,287.05,382.35
SETF10GILT,217.37,205.78,203.4,218.7
SETFGOLD,52.02,49.03,44.08,51.53
SETFNIF50,202.48,188.64,184.84,210.27
SETFNIFBK,449.01,435.54,412.72,466.92
SETFNN50,471.73,444.45,475.57,484.08
SFL,1129.4,1291.85,3046.4,1112.9
SGL,14.45,18.2,25.55,14.75
SHAH,2.8,,,2.85
SHAHALLOYS,56.15,70.85,51.45,60.7
SHAILY,1737.65,1595.55,2034.95,1794.1
SHAKTIPUMP,857.4,403.0,556.1,858.5
SHALBY,244.85,157.5,139.2,238.3
SHALPAINTS,160.35,132.3,170.05,157.9
SHANKARA,905.65,660.3,787.95,776.3
SHANTI,16.1,21.2,22.5,16.05
SHANTIGEAR,492.15,337.75,311.15,484.9
SHARDACROP,449.7,504.3,499.95,439.4
SHARDAMOTR,1016.45,737.5,847.6,996.85
SHAREINDIA,1403.6,1210.85,1252.35,1341.0
SHARIABEES,431.99,416.15,405.92,451.25
SHILPAMED,370.5,286.35,388.1,357.6
SHIVALIK,767.05,744.9,896.55,728.65
SHIVAMAUTO,32.7,28.9,41.25,
SHIVAMILLS,72.85,94.05,128.5,74.5
SHIVATEX,155.15,122.4,160.55,145.6
SHK,163.85,143.35,154.25,161.4
SHOPERSTOP,724.6,703.4,747.75,707.35
SHREDIGCEM,97.3,70.9,72.95,91.5
SHREECEM,24139.35,23732.95,23912.6,26794.25
SHREEPUSHK,217.55,184.55,246.95,206.95
SHRENIK,0.95,1.6,2.1,1.1
SHREYAS,338.3,303.45,374.75,365.5
SHRIRAMFIN,1912.05,1349.65,,1922.25
SHRIRAMPPS,95.7,77.9,89.15,86.65
SHYAMCENT,20.35,22.05,26.15,20.35
SHYAMMETL,481.0,327.2,304.0,449.0
SHYAMTEL,7.1,10.95,,7.05
SIEMENS,3887.05,2837.45,3061.25,3810.85
SIGACHI,364.2,277.4,292.85,385.9
SILINV,323.1,348.85,341.45,339.15
SILLYMONKS,19.7,,27.45,
SILVER,76.18,71.42,58.24,73.38
SILVERBEES,73.55,68.67,56.22,70.73
SILVERETF,74.84,,,71.65
SILVERTUC,458.8,353.9,,571.8
SILVRETF,74.6,,,71.88
SIMBHALS,28.8,28.75,22.05,29.3
SINTERCOM,126.2,,85.7,129.15
SIRCA,418.25,672.8,608.6,400.5
SIS,465.25,389.8,449.35,434.45
SIYSIL,534.3,528.55,456.85,613.75
SJS,699.7,492.3,476.25,714.75
SJVN,63.25,35.05,32.45,75.35
SKFINDIA,5141.05,4577.2,4775.8,5177.9
SKIPPER,241.75,125.2,72.6,224.4
SKMEGGPROD,508.35,141.4,,444.65
SMARTLINK,174.55,141.1,141.55,173.85
SMCGLOBAL,78.1,78.85,84.4,79.6
SMLISUZU,1304.25,852.75,805.85,1218.1
SMSLIFE,519.3,629.55,689.6,523.45
SMSPHARMA,128.6,82.65,90.45,127.45
SNOWMAN,54.75,39.9,41.65,52.15
SOBHA,610.2,592.55,712.75,673.45
SOFTTECH,153.9,147.85,169.25,165.45
SOLARA,358.5,438.7,452.55,365.35
SOLARINDS,4753.35,4496.35,3557.35,4646.1
SOMANYCERA,719.2,474.65,620.0,691.3
SONACOMS,592.25,415.45,526.2,599.25
SONAMCLOCK,62.25,48.55,40.1,59.8
SONATSOFTW,1042.65,577.3,572.8,1087.8
SOTL,323.25,303.2,345.45,330.15
SOUTHBANK,23.25,20.4,10.4,24.6
SPAL,583.25,325.25,426.65,545.35
SPANDANA,819.45,603.95,,785.25
SPARC,250.35,210.2,225.5,239.95
SPCENET,23.95,,20.45,22.75
SPECIALITY,212.5,229.25,231.15,205.2
SPENCERS,61.4,66.0,81.2,68.5
SPIC,70.15,84.2,63.4,77.1
SPLIL,63.0,74.85,69.25,64.95
SPLPETRO,489.75,797.2,795.2,488.9
SPORTKING,857.15,726.4,883.25,799.8
SREEL,215.95,216.1,215.0,240.7
SRF,2384.05,2302.85,2820.75,2370.5
SRGHFL,257.75,,,270.4
SRHHYPOLTD,605.35,528.9,873.5,614.35
SSWL,249.45,163.9,862.8,271.05
STAR,438.15,366.2,329.35,493.95
STARCEMENT,161.15,113.75,107.05,163.1
STARHEALTH,636.4,583.5,712.5,647.55
STARPAPER,208.75,187.05,209.3,229.75
STCINDIA,115.5,94.1,87.65,124.5
STEELCAS,681.75,494.15,442.95,722.2
STEELCITY,66.65,62.65,60.35,64.15
STEELXIND,10.4,14.45,13.45,10.35
STERTOOLS,375.05,264.15,230.95,378.0
STLTECH,168.4,175.6,183.25,165.2
STOVEKRAFT,525.65,555.0,703.45,532.95
STYLAMIND,1796.6,1134.3,1107.8,1704.45
STYRENIX,1101.5,,,1087.75
SUBEXLTD,35.75,33.85,35.95,33.45
SUBROS,411.35,304.45,376.15,408.65
SUDARSCHEM,508.75,386.3,457.55,479.9
SUKHJITS,393.1,432.65,,431.95
SULA,491.85,325.15,,484.85
SUMICHEM,438.95,488.95,492.6,426.0
SUMMITSEC,906.25,653.95,710.0,956.25
SUNDARAM,2.55,2.85,3.15,3.2
SUNDARMFIN,2594.2,2301.55,2242.55,2719.3
SUNDARMHLD,121.15,95.1,87.45,118.6
SUNDRMFAST,1274.2,960.15,905.45,1239.55
SUNFLAG,204.6,121.0,93.75,208.8
SUNPHARMA,1109.0,1009.1,874.3,1149.8
SUNTECK,362.85,343.6,462.55,420.4
SUNTV,620.8,486.85,520.35,596.2
SUPERHOUSE,219.45,208.5,217.9,219.0
SUPERSPIN,8.5,8.9,12.25,8.3
SUPRAJIT,426.5,329.95,347.3,413.9
SUPREMEIND,4395.75,2384.4,2057.35,4120.15
SUPRIYA,278.85,239.95,341.85,298.25
SURANAT&P,11.75,12.0,12.4,12.0
SURYALAXMI,65.85,59.9,71.3,69.1
SURYAROSNI,976.15,514.5,502.95,993.5
SURYODAY,176.2,121.7,112.3,166.2
SUTLEJTEX,57.3,62.0,74.5,55.35
SUVEN,65.05,66.35,77.0,75.45
SUVENPHAR,514.5,493.3,479.75,557.3
SUZLON,25.0,10.75,9.15,24.2
SWANENERGY,306.2,329.65,239.6,289.9
SWARAJENG,2018.15,1587.7,1701.95,2033.7
SWELECTES,532.8,343.65,335.75,580.3
SYMPHONY,884.65,933.05,906.4,903.15
SYNCOMF,8.6,8.55,,8.65
SYNGENE,778.55,590.1,570.05,834.5
SYRMA,535.5,277.9,295.65,545.35
TAINWALCHM,130.95,119.6,96.9,129.45
TAJGVK,237.25,212.1,192.3,233.6
TAKE,23.85,23.8,26.3,
TALBROAUTO,1050.8,552.05,484.8,959.65
TANLA,967.25,717.75,810.05,1063.1
TARC,94.8,42.65,47.15,91.2
TARMAT,69.4,54.15,60.4,75.4
TARSONS,526.7,685.1,870.85,537.6
TASTYBITE,16913.75,10532.6,12159.55,16226.55
TATACHEM,1071.15,941.7,1170.3,1070.45
TATACOFFEE,251.25,220.35,236.95,258.45
TATACOMM,1852.4,1336.1,1239.15,1927.7
TATACONSUM,844.15,767.15,837.4,875.9
TATAELXSI,7284.1,6416.65,8885.25,7234.65
TATAINVEST,2450.55,2105.35,2691.3,2470.15
TATAMETALI,952.65,834.15,813.95,980.65
TATAMOTORS,611.2,393.9,447.25,634.25
TATAMTRDVR,406.05,212.45,219.95,429.25
TATAPOWER,255.35,211.35,245.4,263.95
TATASTEEL,127.05,118.45,107.0,131.95
TATASTLLP,811.85,705.2,652.0,833.9
TATVA,1722.15,2143.2,2531.95,1641.2
TBZ,117.2,78.6,78.75,115.3
TCI,812.1,619.65,735.25,784.8
TCIEXP,1409.1,1796.5,1940.4,1486.1
TCNSBRANDS,369.7,536.5,662.95,380.1
TCPLPACK,1911.4,1510.85,1249.6,2096.45
TCS,3379.2,3311.35,3104.35,3598.3
TDPOWERSYS,264.25,141.15,654.6,253.05
TEAMLEASE,2453.45,2527.15,3212.05,2621.05
TECH,32.37,29.41,28.12,34.17
TECHM,1228.05,1023.8,1083.0,1300.05
TECHNOE,534.55,343.85,286.75,513.1
TEGA,982.0,581.65,558.7,958.55
TEJASNET,854.9,601.8,633.25,857.45
TEXINFRA,85.0,60.2,66.1,73.85
TEXRAIL,148.25,59.2,51.15,141.0
TFCILTD,112.6,84.6,62.05,102.3
TFL,10.45,9.8,,10.25
TGBHOTELS,11.05,12.9,13.45,10.0
THANGAMAYL,1255.15,1070.5,1193.75,1237.25
THEINVEST,78.2,91.15,102.85,84.15
THEMISMED,1595.45,1342.4,967.35,1678.5
THERMAX,2800.15,1955.55,2469.2,2728.5
THYROCARE,537.85,614.9,713.6,569.5
TI,215.9,116.25,82.95,215.75
TIDEWATER,1154.6,1000.9,1103.05,1240.35
TIIL,2099.8,900.1,856.75,2154.6
TIINDIA,2988.15,2785.25,2649.25,3319.1
TIMESGTY,69.25,55.55,52.4,65.6
TIMETECHNO,145.85,95.25,119.9,156.85
TIMKEN,3197.85,3158.9,3140.0,3171.35
TINPLATE,398.1,349.4,328.65,410.65
TIPSINDLTD,330.15,1748.2,1655.1,318.5
TIRUMALCHM,229.35,210.85,244.7,226.4
TITAGARH,814.8,,,779.7
TITAN,3116.8,2613.6,2656.15,3248.6
TMB,546.9,483.7,,545.85
TNIDETF,64.66,54.98,57.21,68.14
TNPETRO,89.65,91.0,107.65,95.2
TNPL,258.8,239.05,249.6,270.7
TOKYOPLAST,100.6,99.35,110.9,97.85
TORNTPHARM,1785.8,1544.75,1499.4,1872.0
TORNTPOWER,665.2,499.45,553.7,724.15
TRACXN,76.35,87.15,,75.0
TREEHOUSE,15.6,17.95,13.8,16.7
TREL,33.5,,,42.2
TRENT,2063.1,1347.4,1435.2,2070.25
TRF,230.2,179.8,268.1,245.1
TRIDENT,39.6,34.4,39.45,39.0
TRIGYN,130.7,96.15,108.8,125.75
TRIL,117.2,56.4,47.9,169.7
TRITURBINE,389.35,244.7,220.4,433.35
TRIVENI,315.2,283.05,251.05,384.0
TRU,64.1,71.3,74.75,60.7
TTKHLTCARE,1171.75,999.4,927.3,1163.2
TTKPRESTIG,802.0,802.15,1039.3,786.5
TTL,99.95,90.1,95.4,96.05
TTML,91.6,91.65,,107.9
TV18BRDCST,49.05,37.7,40.7,45.45
TVSELECT,385.75,293.65,288.8,359.45
TVSMOTOR,1454.1,1041.55,1041.55,1502.9
TVSSCS,200.2,,,222.4
TVSSRICHAK,2945.85,3236.15,2719.4,2969.25
TVTODAY,222.3,247.2,300.6,221.8
TVVISION,3.15,,,3.15
UBL,1546.45,1669.8,1690.25,1611.0
UCOBANK,31.2,32.8,12.5,40.4
UDAICEMENT,32.05,31.95,35.85,32.05
UFLEX,472.7,559.6,773.6,443.8
UGARSUGAR,107.55,107.5,64.75,112.05
UGROCAP,299.6,155.15,199.0,294.0
UJJIVAN,478.65,283.0,226.8,509.45
UJJIVANSFB,48.8,30.85,25.25,49.3
ULTRACEMCO,8262.4,6993.6,6790.05,8728.35
UMANGDAIRY,74.8,62.2,68.6,69.2
UMESLTD,4.25,4.75,4.4,
UNICHEMLAB,417.4,308.55,386.4,413.4
UNIDT,221.0,265.3,372.4,255.85
UNIENTER,170.55,135.55,142.95,167.15
UNIONBANK,86.1,82.25,46.45,96.1
UNIPARTS,634.0,573.8,,588.55
UNITEDTEA,343.8,278.95,304.55,318.55
UNIVASTU,93.5,98.6,80.3,95.75
UNIVCABLES,488.35,339.95,226.7,467.6
UNIVPHOTO,400.3,514.25,524.95,396.6
UNOMINDA,609.55,526.9,559.4,623.55
UPL,603.0,719.35,742.6,634.65
URAVI,253.25,,,250.25
URJA,9.9,10.2,,9.9
USHAMART,358.15,190.65,134.05,347.05
USK,30.55,,,35.85
UTIAMC,746.9,846.8,807.0,784.5
UTIBANKETF,45.1,43.88,41.63,46.92
UTINEXT50,46.83,44.72,47.62,48.59
UTINIFTETF,2086.82,1940.12,1900.12,2161.92
UTISENSETF,702.76,651.37,637.32,730.91
UTISXN50,59.16,51.95,54.19,60.91
UTKARSHBNK,48.0,,,50.55
UTTAMSUGAR,377.5,291.9,261.35,431.5
VADILALIND,2631.4,2693.35,2686.65,2578.8
VAIBHAVGBL,449.35,305.0,383.5,441.65
VAISHALI,125.35,137.1,101.0,124.5
VAKRANGEE,15.55,28.25,39.15,17.65
VALIANTORG,504.95,589.6,830.1,505.2
VARDHACRLC,56.95,55.1,59.65,54.95
VARROC,423.1,299.3,402.6,450.8
VASCONEQ,62.2,35.05,27.8,56.55
VASWANI,28.15,18.75,24.1,30.15
VBL,910.45,1306.7,1094.35,915.65
VEDL,236.15,319.55,314.2,236.3
VENKEYS,1978.2,1931.55,2165.1,2013.9
VENUSPIPES,1535.25,724.75,506.85,1537.7
VERANDA,198.85,262.35,347.8,191.6
VESUVIUS,3364.4,1607.8,1485.6,3179.6
VETO,135.45,114.1,117.15,127.1
VGUARD,313.95,261.95,239.25,311.2
VHL,2902.65,2990.45,3524.9,3128.6
VIDHIING,455.9,376.55,430.35,428.45
VIJAYA,505.2,414.1,406.5,492.4
VIKASECO,3.0,3.45,3.5,
VIKASLIFE,4.3,4.75,5.05,6.0
VIMTALABS,571.5,433.5,358.35,553.85
VINATIORGA,1855.85,2001.9,2284.25,1893.1
VINDHYATEL,2313.75,1683.6,1335.3,2395.45
VINEETLAB,52.4,58.1,62.95,51.45
VINYLINDIA,473.7,521.2,872.95,463.0
VIPIND,660.35,680.45,660.6,690.75
VIPULLTD,14.85,,12.85,14.45
VISAKAIND,95.75,445.1,625.85,89.45
VISESHINFO,0.45,,0.7,
VISHAL,17.3,21.5,26.35,19.1
VISHNU,330.1,1483.25,1993.75,344.85
VISHWARAJ,18.35,18.6,18.15,19.0
VIVIDHA,1.0,1.25,1.45,1.05
VLEGOV,36.7,,,36.55
VLSFINANCE,214.05,161.15,155.8,200.9
VMART,2254.7,2987.0,2838.95,2119.4
VOLTAMP,5688.4,2697.85,2566.6,5114.6
VOLTAS,870.05,808.3,960.2,893.95
VRLLOG,679.45,546.0,649.1,736.2
VSSL,216.45,318.45,259.9,211.85
VSTIND,3652.4,3284.4,3198.95,3546.65
VSTTILLERS,3644.75,2291.15,2474.15,3564.6
VTL,391.7,323.7,349.75,394.9
WABAG,495.0,336.55,285.5,462.65
WATERBASE,89.05,76.15,89.8,86.65
WEALTH,314.4,348.75,269.9,314.55
WEBELSOLAR,123.55,94.55,118.75,143.65
WELCORP,338.6,233.55,263.75,397.4
WELENT,286.65,169.4,135.1,297.45
WELSPUNIND,123.45,76.55,84.55,123.45
WENDT,13595.5,7390.6,7882.7,14340.25
WESTLIFE,965.75,763.45,683.15,985.05
WHEELS,725.65,580.9,681.0,799.45
WHIRLPOOL,1631.55,1515.5,1745.95,1640.75
WINDLAS,388.6,244.95,241.75,368.0
WIPRO,416.35,397.05,415.05,441.05
WOCKPHARMA,242.7,229.1,270.9,246.8
WONDERLA,623.15,352.25,373.75,630.9
WORTH,117.15,112.15,125.1,112.15
WSTCSTPAPR,623.25,537.8,570.65,685.85
XCHANGING,91.0,68.85,83.75,94.4
XELPMOC,89.55,135.4,157.7,87.2
XPROINDIA,927.1,689.1,,994.25
YASHO,1805.9,,,1783.95
YATHARTH,373.7,,,386.95
YESBANK,17.35,22.05,17.15,18.3
YUKEN,752.15,541.3,565.15,732.0
ZEEL,262.55,240.1,273.75,274.15
ZEEMEDIA,11.95,15.0,,11.9
ZENSARTECH,533.9,215.7,228.7,527.75
ZFCVINDIA,14807.9,8958.1,9986.05,15410.7
ZIMLAB,129.35,98.65,,117.9
ZODIACLOTH,115.0,99.55,100.8,117.1
ZOMATO,97.2,58.95,64.6,102.95
ZOTA,437.2,349.4,316.65,409.45
ZUARI,160.95,165.55,188.05,162.7
ZUARIIND,143.85,145.0,179.0,151.7
ZYDUSLIFE,613.95,424.65,370.9,645.35
ZYDUSWELL,1633.45,1514.2,1602.85,1615.7
20MICRONS,,93.4,109.45,
3PLAND,,17.2,18.05,22.7
A2ZINFRA,,10.15,12.0,
AAKASH,,6.85,15.25,
AAREYDRUGS,,38.05,40.7,
AARON,,175.15,,
ACCURACY,,165.2,241.65,
ACEINTEG,,55.6,,
ADANITRANS,,2576.55,4105.4,
ADROITINFO,,24.5,16.65,30.15
AGRITECH,,105.7,93.0,
AIROLAM,,86.65,73.65,
AJOONI,,6.75,41.05,4.8
AJRINFRA,,1.45,1.85,
AKG,,36.95,,24.55
ALPSINDUS,,2.4,2.7,2.4
AMBICAAGAR,,25.6,,
AMDIND,,59.1,,
ANIKINDS,,39.8,42.35,
ANMOL,,149.9,181.8,
ANTGRAPHIC,,0.85,1.0,
APOLSINHOT,,1282.3,908.8,
ARCHIDPLY,,72.95,92.65,
ARCHIES,,24.65,19.85,
ARENTERP,,40.65,35.25,
ARROWGREEN,,178.5,118.8,
ARSHIYA,,8.85,13.95,
ARTNIRMAN,,68.75,118.85,
ASIANENE,,72.85,84.3,162.2
ASIANHOTNR,,81.15,93.45,
ATLANTA,,16.4,18.9,
AUTOIND,,78.2,86.7,
AXISCADES,,307.25,176.0,
AXITA,,50.15,310.35,
BAGFILMS,,5.0,,
BCP,,4.95,5.55,
BEARDSELL,,24.4,23.0,
BESTAGRO,,1533.5,1269.25,
BHANDARI,,6.1,6.0,
BIL,,224.35,207.3,
BINDALAGRO,,26.2,29.55,
BROOKS,,108.75,,
BVCL,,25.05,,
CAREERP,,136.4,143.65,
CCHHL,,7.75,,
CENTUM,,689.3,509.25,
CEREBRAINT,,14.05,47.6,
CINELINE,,108.15,125.85,
CLNINDIA,,369.35,436.85,
CMICABLES,,20.8,24.65,
CONSOFINVT,,137.3,147.7,
CORDSCABLE,,83.45,66.05,
CTE,,56.8,72.35,
CUBEXTUB,,37.8,31.1,48.0
CYBERTECH,,132.5,155.85,
DCMFINSERV,,5.45,,4.4
DEEPENR,,130.05,123.6,
DEVIT,,127.15,226.15,
DFMFOODS,,460.25,362.15,
DHANI,,40.2,56.7,
DIGISPICE,,26.8,29.65,
DUCON,,12.65,15.7,
DYCL,,221.25,158.85,
E2E,,179.7,,
EBANK,,4821.19,4549.99,
EBBETF0423,,1209.45,1186.65,
EIMCOELECO,,387.55,396.1,847.6
ELECTHERM,,76.0,84.55,
EMIL,,86.05,,
EQUITAS,,129.4,107.15,
ESSARSHPNG,,9.8,9.75,
EUROTEXIND,,12.15,11.0,
FCONSUMER,,1.6,2.25,
FEL,,1.95,,
FELDVR,,7.85,,
GANGAFORGE,,4.55,6.05,
GAYAHWS,,0.85,,
GEEKAYWIRE,,73.3,72.2,
GENCON,,33.75,33.55,
GINNIFILA,,33.8,38.5,
GKWLIMITED,,554.8,589.2,
GLOBAL,,202.6,307.1,189.05
GLOBALVECT,,53.5,58.55,
GLOBE,,4.6,6.6,4.1
GODHA,,1.9,3.55,
GOLDTECH,,47.65,54.55,
GOYALALUM,,195.2,,
GPTINFRA,,54.8,116.3,
GREENPOWER,,11.6,9.2,
GRPLTD,,2121.15,1974.6,
GSCLCEMENT,,38.5,43.1,
GUJAPOLLO,,198.95,224.55,
HBANKETF,,436.67,414.97,
HCL-INSYS,,16.8,17.3,
HDFC,,2664.7,2459.4,
HDFCMFGETF,,49.0,44.03,
HDFCNIFETF,,197.2,193.89,
HDFCSENETF,,665.88,651.08,
HILTON,,65.95,77.55,164.75
HINDCON,,89.0,101.5,
HIRECT,,230.45,195.45,
HISARMETAL,,144.45,134.5,
HITECHCORP,,221.1,245.2,
HMVL,,55.65,61.15,
HOVS,,50.15,59.05,
HUBTOWN,,45.75,,
IDBIGOLD,,5081.55,4595.9,
IIFLWAM,,1775.1,1706.7,
IITL,,83.35,72.95,
INDOBORAX,,135.8,139.65,
INDOTECH,,184.65,233.8,
INDSWFTLTD,,12.05,9.5,
INEOSSTYRO,,799.0,920.0,
INOXLEISUR,,497.9,522.4,
INSPIRISYS,,59.35,60.0,
IRIS,,78.55,83.2,
IVC,,7.65,9.2,
IVZINNIFTY,,2012.25,1979.15,
IZMO,,76.3,78.15,
JAIBALAJI,,56.25,46.05,
JBFIND,,9.05,12.3,
JBMA,,517.15,400.9,
JETFREIGHT,,20.3,22.55,
JHS,,22.15,25.75,
JISLDVREQS,,19.0,21.45,
JMCPROJECT,,139.1,104.25,
JSLHISAR,,442.8,266.85,
JSWISPL,,32.75,29.3,
KALPATPOWR,,569.35,440.45,
KAMATHOTEL,,107.65,,209.6
KANANIIND,,9.2,9.65,8.15
KARMAENG,,29.05,34.5,
KAUSHALYA,,5.0,4.1,5.25
KAVVERITEL,,6.7,11.0,
KBCGLOBAL,,2.85,,
KESORAMIND,,61.1,59.95,
KILITCH,,152.95,171.4,
KOHINOOR,,55.6,69.05,35.25
KOKUYOCMLN,,85.8,73.8,
KOTARISUG,,45.85,41.95,
KREBSBIO,,114.4,122.4,
KRIDHANINF,,3.8,4.2,
KRITIKA,,12.5,37.05,
KRITINUT,,49.75,,
KSHITIJPOL,,25.65,,
KSOLVES,,444.9,,
LAGNAM,,62.4,79.8,
LAMBODHARA,,110.8,112.3,172.3
LANCER,,224.95,269.0,
LCCINFOTEC,,2.55,2.95,
LOKESHMACH,,107.9,,
LSIL,,17.55,14.2,
LYPSAGEMS,,5.75,6.05,
MAANALU,,176.65,182.8,
MADHUCON,,5.65,,
MAESGETF,,30.34,29.87,
MAFSETF,,19.32,18.75,
MAGNUM,,22.9,14.75,
MAHAPEXLTD,,129.95,115.5,
MAHASTEEL,,72.5,75.95,
MAHESHWARI,,69.05,82.3,
MAHINDCIE,,337.35,289.95,
MAM150ETF,,12.02,12.3,
MAMFGETF,,83.89,86.11,
MAN50ETF,,190.25,187.06,
MANXT50,,428.39,459.4,
MARINE,,34.2,34.55,
MARSHALL,,26.3,33.5,64.0
MAXVIL,,147.45,148.8,
MAZDA,,650.35,619.0,1048.9
MBLINFRA,,23.7,21.75,
MCL,,31.85,27.9,
MEGASOFT,,32.7,41.35,
MEGASTAR,,226.2,222.15,
MGEL,,35.35,43.4,
MHLXMIRU,,241.2,201.9,
MINDTECK,,138.95,143.65,
MIRCELECTR,,18.35,18.95,
MITTAL,,13.65,11.95,
MMP,,128.65,184.35,
MODISONLTD,,68.85,73.1,
MOTOGENFIN,,27.15,28.5,
MSPL,,9.95,9.85,
MURUDCERA,,42.55,30.6,
NAGREEKCAP,,18.3,12.8,
NAGREEKEXP,,39.55,37.7,
NDRAUTO,,574.9,499.6,
NGIL,,83.85,148.15,
NIBL,,22.2,28.0,
NILASPACES,,3.5,,
NIPPOBATRY,,400.85,352.65,
NIRAJ,,33.75,31.7,
NITIRAJ,,76.3,80.05,
NORBTEAEXP,,7.75,7.4,11.25
NURECA,,495.3,1000.8,361.0
OILCOUNTUB,,17.9,,
OMINFRAL,,41.6,38.6,
ONEPOINT,,16.1,10.9,
ORBTEXP,,156.05,165.75,
ORICONENT,,27.35,34.65,
ORIENTABRA,,29.0,32.7,
ORTINLAB,,24.25,23.45,
OSIAHYPER,,262.65,,
PANACHE,,59.5,70.15,
PANSARI,,72.4,118.15,
PAR,,153.4,166.25,
PATINTLOG,,14.85,15.0,
PILITA,,8.35,8.95,
PIONDIST,,183.75,172.3,
PODDARHOUS,,221.35,199.95,105.45
PRAKASHSTL,,5.1,5.8,
PRAXIS,,28.5,32.7,
PREMEXPLN,,419.75,494.75,
PREMIERPOL,,101.6,107.35,
PRESSMN,,46.5,44.8,
PRITIKAUTO,,16.05,18.2,
PROZONINTU,,33.35,23.55,
PVP,,10.55,8.55,
PVR,,1714.4,1845.5,
RADIOCITY,,25.1,25.0,16.1
RAJMET,,25.3,290.75,
RANEENGINE,,231.15,248.65,
RELINFRA,,138.6,,
REMSONSIND,,237.8,227.8,
REVATHI,,1078.5,903.6,
RHFL,,3.5,,
RITCO,,163.0,,
RKDL,,18.55,12.95,
ROLLT,,1.4,1.5,
RPPINFRA,,41.9,42.4,
RSSOFTWARE,,25.25,30.4,
RVHL,,24.4,22.45,
S&SPOWER,,22.8,19.2,
SABEVENTS,,5.55,7.45,
SADBHIN,,6.05,7.2,
SALSTEEL,,16.55,11.15,
SAMBHAAV,,4.1,5.15,
SANGHIIND,,71.65,,
SARVESHWAR,,88.75,,
SCAPDVR,,13.25,13.55,
SCPL,,619.65,,
SEPOWER,,17.05,20.8,
SERVOTECH,,169.9,144.15,
SETCO,,11.7,13.25,
SGIL,,133.6,153.8,
SHEMAROO,,169.6,149.25,
SHRADHA,,68.0,61.45,
SHREERAMA,,13.0,,
SHREYANIND,,162.75,135.35,
SIGIND,,39.0,42.55,
SILGO,,25.7,26.35,
SIMPLEXINF,,60.05,65.95,
SITINET,,1.7,1.75,
SMLT,,148.5,163.15,
SOMATEX,,9.25,7.95,
SOMICONVEY,,43.0,,
SOUTHWEST,,122.35,174.1,
SPICEJET,,38.35,44.75,
SPMLINFRA,,27.75,37.95,
SPTL,,2.8,,
SRPL,,62.35,90.2,
STARTECK,,137.9,140.35,
STEL,,164.65,153.55,
SUBCAPCITY,,84.85,160.05,
SUNCLAYLTD,,4949.85,4952.1,
SUNDRMBRAK,,324.6,378.55,
SUPREMEENG,,1.25,2.05,
SUPREMEINF,,24.0,,
SURANASOL,,22.95,26.85,
SUULD,,36.5,43.55,
SUVIDHAA,,5.15,6.15,
SVPGLOB,,29.7,40.9,
SWSOLAR,,270.35,299.0,
TARAPUR,,4.45,5.85,
TECHIN,,10.8,11.0,
TEMBO,,132.35,147.25,232.05
TERASOFT,,44.4,51.1,
TEXMOPIPES,,58.95,67.35,
THOMASCOOK,,74.2,78.9,
TIPSFILMS,,449.85,,
TIRUPATIFL,,22.55,14.65,
TOTAL,,162.75,161.2,
TOUCHWOOD,,103.75,99.8,
TPLPLASTEH,,31.15,171.55,
TREJHARA,,71.15,85.0,
TWL,,234.6,,
UCALFUEL,,128.7,140.9,
UFO,,93.95,124.05,
UMAEXPORTS,,49.0,51.35,
UNIINFO,,22.25,25.9,26.95
V2RETAIL,,99.15,124.6,
VARDMNPOLY,,19.4,23.55,
VCL,,5.75,10.6,1.85
VENUSREM,,182.2,211.95,
VIJIFIN,,3.25,2.75,
VINNY,,154.6,,
VIPCLOTHNG,,48.6,32.3,
WALCHANNAG,,71.7,,
WEIZMANIND,,103.5,95.05,
WELINV,,309.35,310.95,
WEWIN,,54.85,,
WFL,,269.5,201.55,
WILLAMAGOR,,21.9,,
WINDMACHIN,,45.85,38.4,
WINPRO,,3.95,5.15,
YAARI,,19.25,42.8,
ZEELEARN,,7.05,8.05,
ZENITHEXPO,,82.8,88.05,
ZENITHSTL,,5.55,5.95,4.15
ZENTEC,,187.95,214.4,
ZODIAC,,116.85,153.7,
ACRYSIL,,,699.6,
AKSHAR,,,117.95,
ANSALAPI,,,22.65,
ANSALHSG,,,7.0,
ARVEE,,,94.05,
BCONCEPTS,,,194.05,
BHAGYAPROP,,,41.85,
BSHSL,,,685.35,
BSL,,,146.85,
CROWN,,,38.9,
DHARAMSI,,,414.15,
ESSENTIA,,,6.05,
EXCEL,,,8.3,
FLEXITUFF,,,27.35,
FSC,,,28.45,
GAL,,,2.85,
GAYAPROJ,,,12.3,
GFSTEELS,,,3.05,
IMPEXFERRO,,,5.6,
INDOTHAI,,,171.4,
INDRAMEDCO,,,71.3,
JTLINFRA,,,201.9,
KHAITANLTD,,,47.35,
KHANDSE,,,29.45,
LOTUSEYE,,,67.55,
LTI,,,4596.45,
MINDTREE,,,3266.15,
MTEDUCARE,,,9.15,
NXTDIGITAL,,,459.85,
OMKARCHEM,,,22.1,
PALASHSECU,,,89.1,
SADBHAV,,,15.35,
SANCO,,,9.5,
SBC,,,8.95,
SETUINFRA,,,1.95,
SHRIRAMCIT,,,1948.6,
SIKKO,,,144.4,61.3
SRTRANSFIN,,,1325.95,
SUMEETINDS,,,6.2,
TCIDEVELOP,,,395.15,
TIJARIA,,,4.6,
TIL,,,122.1,
UNITEDPOLY,,,40.3,
VERTOZ,,,138.55,
VISASTEEL,,,14.2,
VIVIMEDLAB,,,11.1,
ABSLLIQUID,,,,1000.01
BTML,,,,139.5
EPIGRAL,,,,1006.75
GSEC10YEAR,,,,25.1
JIOFIN,,,,239.4
NIFMID150,,,,152.15
PYRAMID,,,,168.4
RISHABH,,,,447.6
SANDUMA,,,,1616.6
SIGMA,,,,463.1
TVSHLTD,,,,5532.35
VPRPL,,,,174.6
