SYMBOL,2022-09-15,2023-01-03,2023-09-01,2023-09-15
21STCENMGM,25.6,22.55,18.75,20.0
360ONE,,,477.6,526.65
3IINFOLTD,51.5,41.3,32.8,38.4
3MINDIA,22873.45,21602.0,31151.35,30366.8
5PAISA,378.8,320.3,449.45,440.15
63MOONS,186.35,168.65,333.95,293.8
AAATECH,,63.85,65.6,61.3
AARTIDRUGS,456.95,449.9,569.6,584.4
AARTIIND,907.25,616.8,491.05,512.5
AARTIPHARM,,,389.0,469.4
AARTISURF,859.95,634.5,642.6,641.25
AARVEEDEN,26.55,25.35,23.2,25.15
AARVI,158.4,176.6,129.0,126.8
AAVAS,2211.65,1798.05,1627.25,1674.55
ABAN,56.6,49.4,48.15,46.35
ABB,3296.95,2689.4,4291.45,4379.4
ABBOTINDIA,17887.65,21680.85,22704.65,23351.15
ABCAPITAL,120.1,154.35,184.1,184.55
ABFRL,340.0,285.55,218.35,225.3
ABSLAMC,481.85,457.9,389.5,415.45
ABSLBANETF,41.38,43.52,44.81,46.56
ABSLNN50ET,46.46,43.67,46.13,47.46
ACC,2747.7,2442.7,2011.25,2026.85
ACCELYA,1172.7,1411.35,1594.55,1519.75
ACE,304.15,310.85,760.65,706.8
ACI,,525.45,664.3,612.3
ADANIENSOL,,,824.9,846.1
ADANIENT,3748.7,3830.95,2450.05,2540.05
ADANIGREEN,2343.9,1892.95,949.1,1006.45
ADANIPORTS,968.55,820.45,799.5,845.65
ADANIPOWER,,294.75,330.25,379.4
ADFFOODS,711.75,757.95,1083.9,239.3
ADORWELD,948.7,849.55,1197.05,1095.4
ADSL,116.0,94.9,133.55,138.0
ADVANIHOTR,84.4,81.95,89.6,88.55
ADVENZYMES,274.35,284.7,324.55,313.65
AEGISCHEM,293.8,344.35,368.45,329.8
AEROFLEX,,,165.0,156.45
AETHER,982.8,849.85,990.75,982.2
AFFLE,1317.45,1072.05,1077.85,1109.9
AGARIND,634.75,598.5,1046.45,901.15
AGI,347.25,329.9,732.25,712.35
AGROPHOS,41.6,44.2,38.9,37.8
AGSTRA,85.15,67.0,65.35,61.95
AHL,,190.0,275.9,312.15
AHLADA,,103.45,107.1,101.55
AHLEAST,297.3,117.3,158.75,143.2
AHLUCONT,456.25,508.45,710.1,721.45
AIAENG,2523.65,2600.25,3703.8,3688.3
AIRAN,19.0,16.75,22.35,21.8
AJANTPHARM,1307.8,1200.45,1718.35,1711.1
AJMERA,271.75,309.05,373.3,378.9
AKASH,39.55,31.5,27.0,29.55
AKSHARCHEM,361.55,284.45,246.3,289.4
AKSHOPTFBR,12.85,11.2,12.05,11.0
AKZOINDIA,2137.5,2240.95,2736.55,2595.3
ALANKIT,13.25,10.85,10.3,11.2
ALBERTDAVD,570.0,571.1,795.35,760.45
ALEMBICLTD,72.1,72.6,80.95,78.95
ALICON,874.95,973.75,851.7,869.55
ALKALI,106.0,143.35,121.9,117.0
ALKEM,3190.75,3028.8,3614.75,3675.95
ALKYLAMINE,3131.25,2686.85,2489.9,2403.45
ALLCARGO,424.45,403.0,273.4,269.1
ALLSEC,531.8,515.55,588.8,607.8
ALMONDZ,91.4,75.05,89.4,91.25
ALOKINDS,,,19.9,19.1
ALPA,65.3,62.9,79.95,74.4
ALPHAGEO,323.7,289.7,293.5,307.05
AMARAJABAT,536.75,575.8,625.55,649.0
AMBER,2350.45,1872.6,2972.2,2974.6
AMBIKCO,1813.15,1560.35,1657.65,1654.9
AMBUJACEM,538.75,530.95,433.9,445.05
AMIORG,1082.25,959.55,1315.95,1297.1
AMJLAND,30.35,27.45,30.1,31.6
AMRUTANJAN,751.3,725.3,610.25,644.05
ANANDRATHI,661.35,704.35,1398.8,1411.6
ANANTRAJ,90.45,109.15,220.8,222.1
ANDHRAPAP,470.0,422.7,453.55,604.4
ANDHRSUGAR,148.6,134.25,117.55,121.1
ANDREWYU,22.3,27.75,27.35,37.6
ANGELONE,1583.6,1315.6,1915.25,1893.55
ANKITMETAL,6.25,5.8,3.0,
ANUP,983.8,949.85,2167.6,2187.35
ANURAS,773.8,693.5,1005.15,940.4
APARINDS,1257.55,1788.6,4957.4,5197.65
APCL,265.6,207.2,186.15,187.4
APCOTEXIND,577.95,468.1,547.5,513.3
APEX,342.25,250.0,232.8,236.45
APLAPOLLO,1063.05,1088.4,1729.5,1620.2
APLLTD,623.05,573.6,770.5,784.55
APOLLO,161.45,306.7,54.7,54.9
APOLLOHOSP,4341.85,4490.9,4840.35,5091.8
APOLLOPIPE,530.6,509.3,675.35,699.55
APOLLOTYRE,299.65,325.4,384.75,376.4
APTECHT,249.95,347.3,310.1,304.95
APTUS,326.0,305.6,268.4,278.45
ARIES,149.35,210.65,184.65,178.05
ARIHANTCAP,81.2,68.0,55.25,72.05
ARIHANTSUP,245.35,221.5,175.75,186.1
ARMANFIN,1504.35,1445.55,2354.2,2285.95
AROGRANITE,54.9,50.4,51.3,53.85
ARTEMISMED,66.6,73.05,127.0,135.15
ARVIND,108.85,90.45,175.45,170.85
ARVINDFASN,300.45,345.65,323.45,328.85
ARVSMART,274.95,331.6,356.5,346.1
ASAHIINDIA,634.75,517.15,587.55,600.5
ASAHISONG,325.0,265.3,229.6,255.7
ASAL,455.3,370.6,405.35,440.65
ASALCBR,473.5,427.5,436.15,435.7
ASHAPURMIN,95.35,95.2,228.3,325.4
ASHIANA,161.95,145.75,211.55,202.45
ASHIMASYN,15.05,17.05,12.9,13.15
ASHOKA,89.2,91.1,102.25,108.4
ASHOKLEY,165.1,147.4,184.2,183.0
ASIANPAINT,3395.4,3028.25,3259.55,3196.65
ASIANTILES,65.0,51.3,64.85,63.4
ASPINWALL,293.85,237.05,233.25,261.85
ASTEC,1934.75,1789.35,1405.1,1380.85
ASTERDM,247.7,233.5,329.95,341.95
ASTRAL,2505.45,2007.55,1911.1,1926.65
ASTRAMICRO,344.3,287.3,392.1,427.6
ASTRAZEN,3233.3,3353.7,4323.8,4548.7
ASTRON,37.3,32.55,29.6,34.4
ATALREAL,,,109.45,
ATAM,,,188.1,177.4
ATFL,768.3,817.95,821.7,839.7
ATGL,3601.35,3598.65,633.85,636.35
ATL,,,33.35,33.1
ATUL,9564.65,8173.6,7354.35,7324.3
ATULAUTO,193.25,288.85,597.1,585.75
AUBANK,680.85,651.05,725.65,732.5
AURIONPRO,417.3,341.65,1064.75,
AUROPHARMA,547.15,441.3,825.55,898.85
AURUM,,121.65,132.95,128.55
AUSOMENT,77.2,72.75,79.25,75.4
AUTOAXLES,2072.0,2004.95,2232.0,2295.6
AUTOBEES,134.67,127.8,161.83,166.89
AVADHSUGAR,539.75,549.6,577.9,686.9
AVALON,,,502.0,580.1
AVANTIFEED,511.0,390.15,438.15,455.3
AVG,,,251.65,263.7
AVROIND,116.8,154.45,116.6,116.8
AVTNPL,111.8,109.1,81.35,78.75
AWHCL,336.85,319.7,343.7,330.2
AWL,730.4,600.3,352.25,352.3
AXISBANK,790.0,962.3,991.15,1027.15
AXISBNKETF,416.22,437.2,450.47,469.68
AXISBPSETF,10.49,10.63,11.15,11.17
AXISCETF,80.79,76.59,84.93,87.0
AXISGOLD,43.15,47.72,50.57,50.26
AXISHCETF,79.75,80.83,95.52,99.15
AXISILVER,,70.93,75.99,73.19
AXISNIFTY,189.98,193.89,208.28,216.03
AXISTECETF,285.33,299.82,328.13,345.49
AXSENSEX,,,65.69,67.99
AYMSYNTEX,88.35,74.85,71.25,67.05
BAIDFIN,,,35.95,34.5
BAJAJ-AUTO,3768.0,3601.7,4668.45,5130.5
BAJAJCON,163.65,171.15,257.4,233.2
BAJAJELEC,1180.1,1182.4,1177.6,
BAJAJFINSV,1772.2,1563.0,1514.5,1538.1
BAJAJHCARE,380.3,454.15,371.0,413.45
BAJAJHIND,11.25,16.95,25.1,27.0
BAJAJHLDNG,7110.6,5660.5,7340.8,7103.1
BAJFINANCE,7386.3,6606.25,7320.6,7492.2
BALAJITELE,56.05,45.3,71.35,64.2
BALAMINES,3739.45,2636.0,2226.8,2207.35
BALAXI,,590.2,458.75,454.15
BALKRISHNA,39.55,,27.85,29.05
BALKRISIND,2031.45,2129.6,2361.8,2538.85
BALMLAWRIE,129.5,124.5,167.65,169.0
BALPHARMA,98.25,90.75,96.8,95.95
BALRAMCHIN,374.35,402.3,395.5,441.7
BANARBEADS,79.4,81.35,93.8,91.15
BANARISUG,3025.25,2800.3,2714.55,2859.6
BANCOINDIA,207.2,199.35,515.25,484.85
BANDHANBNK,304.6,240.55,235.1,249.35
BANG,45.8,49.0,45.9,47.2
BANKA,69.7,78.2,71.2,73.55
BANKBARODA,140.05,187.5,190.6,210.8
BANKBEES,417.53,439.23,452.8,470.74
BANKETF,,,444.27,462.01
BANKINDIA,53.0,93.7,88.0,105.75
BANSWRAS,108.9,122.9,164.8,154.45
BARBEQUE,1101.15,976.4,701.95,691.2
BASF,3163.75,2777.75,2628.55,2698.5
BASML,61.55,56.0,49.75,49.3
BATAINDIA,1888.9,1645.85,1684.2,1686.55
BAYERCROP,5139.0,4849.2,4790.45,5162.95
BBETF0432,1022.67,1033.1,1083.33,1084.55
BBL,2068.0,2467.6,4212.1,4012.6
BBOX,144.8,133.55,220.25,195.9
BBTC,1008.15,925.75,979.5,1215.9
BBTCL,,239.0,245.5,243.7
BCG,39.75,28.9,16.15,17.5
BCLIND,353.7,318.9,493.3,551.9
BDL,869.35,944.15,1143.5,1064.4
BECTORFOOD,370.55,433.35,1041.0,948.05
BEDMUTHA,68.25,60.4,70.25,72.3
BEL,111.1,100.35,137.85,135.7
BEML,,1522.3,2495.2,2409.2
BEPL,128.25,121.65,93.05,92.25
BERGEPAINT,654.85,579.05,719.85,719.7
BFINVEST,319.8,420.6,513.3,511.4
BFSI,,,20.08,20.83
BFUTILITIE,448.1,418.5,672.9,662.3
BGRENERGY,83.4,61.4,64.4,67.65
BHAGCHEM,1521.7,1269.8,1206.1,1236.4
BHAGERIA,197.7,161.3,164.05,160.45
BHAGYANGR,50.3,46.1,70.1,
BHARATFORG,784.75,878.85,1078.8,1134.4
BHARATGEAR,242.65,124.55,124.75,125.3
BHARATRAS,11966.2,9884.2,9435.65,9194.45
BHARATWIRE,120.0,107.15,241.2,261.0
BHARTIARTL,785.1,817.6,865.95,936.15
BHEL,61.7,80.35,136.15,127.6
BIGBLOC,127.75,140.0,171.0,154.9
BIKAJI,,425.75,487.05,494.65
BIOCON,299.45,263.4,260.8,276.75
BIOFILCHEM,52.05,54.25,48.25,51.95
BIRLACABLE,148.9,158.95,330.9,348.05
BIRLACORPN,1110.05,988.35,1171.1,1214.85
BIRLAMONEY,61.95,61.15,70.35,70.95
BLAL,,,180.15,171.3
BLBLIMITED,21.1,28.6,22.7,23.65
BLISSGVS,84.8,73.0,97.55,95.6
BLKASHYAP,24.7,32.0,54.05,52.8
BLS,291.55,171.5,285.75,275.95
BLUEDART,8616.2,7814.55,6282.25,6988.25
BLUESTARCO,1134.45,1204.7,745.25,794.7
BODALCHEM,96.75,79.35,84.9,82.3
BOMDYEING,105.45,80.3,137.5,152.85
BOROLTD,371.85,378.7,431.25,408.1
BORORENEW,565.75,512.25,444.25,428.25
BOSCHLTD,17341.6,17133.75,18986.8,19664.6
BPCL,331.4,336.85,344.2,352.25
BPL,83.0,64.2,73.9,88.05
BRIGADE,569.05,466.35,595.0,619.85
BRITANNIA,3721.55,4241.85,4484.35,4532.85
BRNL,37.8,40.6,38.55,41.85
BSE,668.05,565.55,1126.15,1272.95
BSLGOLDETF,45.37,50.05,53.35,53.12
BSLNIFTY,20.13,20.42,22.01,22.9
BSLSENETFG,57.67,59.2,63.9,66.14
BSOFT,319.2,299.6,528.35,504.0
BURNPUR,5.65,5.6,4.95,5.1
BUTTERFLY,1532.8,1568.65,1216.6,1238.0
BYKE,47.7,42.5,39.2,38.9
CALSOFT,22.0,20.5,14.0,14.75
CAMLINFINE,132.8,161.0,173.6,172.75
CAMPUS,552.5,411.1,303.75,301.65
CAMS,2592.6,2214.3,2356.1,2596.05
CANBK,252.45,336.8,328.4,364.85
CANFINHOME,664.35,548.65,760.0,781.25
CANTABIL,1498.45,1249.7,1021.7,1120.05
CAPACITE,186.4,156.4,228.3,215.1
CAPLIPOINT,754.7,724.55,1096.3,1044.8
CAPTRUST,102.45,79.05,92.6,105.5
CARBORUNIV,925.55,888.3,1136.35,1192.2
CARERATING,520.3,617.05,825.45,851.7
CARTRADE,690.3,482.6,563.9,594.5
CARYSIL,,469.4,666.55,636.65
CASTROLIND,117.9,125.7,142.95,145.3
CCL,520.75,541.8,604.25,673.8
CDSL,1358.75,1153.2,1141.45,1344.4
CEATLTD,1661.6,1637.7,2256.05,2139.8
CELEBRITY,22.75,18.15,19.6,18.0
CENTENKA,458.45,419.0,428.4,439.3
CENTEXT,,10.05,11.35,
CENTRALBK,21.15,32.7,34.95,47.1
CENTRUM,28.2,24.65,23.85,25.15
CENTURYPLY,679.3,516.95,691.4,669.4
CENTURYTEX,894.1,726.7,1072.05,1091.95
CERA,5771.9,5271.95,9546.3,8599.65
CESC,83.3,77.35,86.45,90.1
CGCL,724.35,756.05,806.25,767.95
CGPOWER,237.65,274.2,423.95,436.2
CHALET,348.9,351.05,540.75,559.95
CHAMBLFERT,354.35,314.55,278.95,286.65
CHEMBOND,201.4,250.55,411.85,381.0
CHEMCON,443.3,298.4,279.65,297.9
CHEMFAB,431.25,289.15,365.9,380.9
CHEMPLASTS,428.85,463.8,528.55,498.0
CHENNPETRO,280.7,208.25,412.55,518.95
CHEVIOT,1170.55,1193.5,1190.1,1188.4
CHOICEIN,473.45,257.7,380.2,415.4
CHOLAFIN,792.8,728.5,1128.85,1227.1
CHOLAHLDNG,682.1,559.95,963.85,1152.35
CIEINDIA,,,519.45,508.25
CIGNITITEC,581.05,566.25,803.8,810.15
CINEVISTA,14.35,12.0,14.05,13.75
CIPLA,1033.3,1075.9,1245.4,1235.5
CLEAN,1955.15,1488.9,1412.15,1456.9
CLEDUCATE,170.05,71.2,79.0,76.2
CLSEL,118.85,134.15,202.25,202.1
CMSINFO,275.75,311.25,358.3,362.15
COALINDIA,234.25,224.1,236.9,279.3
COASTCORP,355.9,235.65,278.25,268.0
COCHINSHIP,375.9,534.4,908.5,1107.05
COFFEEDAY,64.3,49.25,52.7,52.15
COFORGE,3418.85,4019.55,5451.9,5618.9
COLPAL,1631.35,1517.35,1939.4,1985.85
COMPINFO,26.95,20.45,13.35,12.8
COMPUSOFT,24.0,20.45,22.9,22.2
CONCOR,763.55,744.0,687.0,717.35
CONCORDBIO,,,971.05,1013.85
CONFIPET,79.45,81.2,94.55,89.9
CONSUMBEES,87.49,82.53,91.58,93.82
CONTROLPR,485.9,403.5,787.9,776.05
CORALFINAC,38.95,34.05,42.15,40.65
COROMANDEL,1027.0,900.55,1111.0,1136.7
COSMOFIRST,880.15,781.55,721.65,680.35
COUNCODOS,4.35,,4.05,4.3
CPSEETF,38.0,38.37,49.41,51.91
CRAFTSMAN,2810.2,3574.4,4895.25,4812.05
CREATIVE,499.2,575.6,581.95,516.85
CREATIVEYE,5.4,4.2,3.4,3.8
CREDITACC,1000.6,891.25,1409.2,1381.4
CREST,177.35,196.4,243.0,235.6
CRISIL,3203.3,2951.65,3929.05,3873.55
CROMPTON,404.05,347.0,303.05,307.0
CSBBANK,229.2,251.2,327.25,323.15
CSLFINANCE,240.15,265.0,315.0,321.05
CUB,182.75,178.95,125.6,132.55
CUMMINSIND,1248.3,1395.85,1706.0,1747.35
CUPID,229.75,269.65,373.25,405.3
CYBERMEDIA,18.0,18.3,18.55,
CYIENT,839.0,820.0,1709.75,1711.9
CYIENTDLM,,,622.4,679.2
DAAWAT,108.5,119.45,164.7,166.8
DABUR,563.45,560.85,553.35,565.5
DALBHARAT,1764.35,1872.15,2123.55,2387.6
DALMIASUG,354.45,388.35,376.4,464.0
DAMODARIND,54.2,51.95,49.25,53.2
DANGEE,26.5,18.6,12.7,11.0
DATAMATICS,333.15,283.45,564.95,596.35
DATAPATTNS,1181.55,1138.95,2469.8,2072.75
DBCORP,146.45,130.45,227.65,243.3
DBL,240.95,223.4,321.8,311.35
DBOL,,202.85,166.9,178.65
DBREALTY,103.65,93.2,150.15,163.3
DBSTOCKBRO,31.6,24.1,28.65,29.15
DCAL,106.9,94.55,157.95,156.9
DCBBANK,111.95,130.8,117.25,120.25
DCM,85.05,83.35,78.1,74.75
DCMNVL,198.55,169.65,174.4,166.8
DCMSHRIRAM,1107.95,894.25,1034.55,1037.35
DCMSRIND,84.65,74.1,135.25,132.35
DCW,57.0,50.85,54.2,58.5
DCXINDIA,,223.0,341.7,308.1
DECCANCE,567.75,505.3,530.2,549.4
DEEPAKFERT,919.35,693.75,603.75,637.3
DEEPAKNTR,2230.35,1998.95,2226.05,2242.25
DEEPINDS,239.6,290.75,244.05,259.8
DELHIVERY,579.95,337.45,438.15,439.25
DELPHIFX,411.1,389.9,382.25,376.15
DELTACORP,221.5,216.7,182.7,180.7
DELTAMAGNT,75.35,79.9,98.15,
DEN,36.4,35.2,43.6,47.1
DENORA,814.15,672.9,1627.75,1640.65
DEVYANI,190.3,177.75,197.05,211.45
DGCONTENT,16.35,16.65,19.55,20.75
DHAMPURSUG,230.7,244.6,257.65,312.75
DHANBANK,12.7,21.1,23.8,29.25
DHANUKA,712.3,719.85,789.1,845.7
DHARMAJ,,212.8,217.0,213.65
DHRUV,61.3,56.35,55.0,60.55
DHUNINV,704.5,683.15,703.45,751.7
DIAMONDYD,798.65,869.55,939.95,887.6
DICIND,392.35,383.25,473.15,439.6
DIL,33.4,13.55,10.0,
DISHTV,16.3,18.8,18.1,19.6
DIVGIITTS,,,938.05,957.45
DIVISLAB,3605.45,3393.0,3589.3,3815.5
DIVOPPBEES,46.32,47.8,56.1,58.47
DIXON,4584.4,3922.15,5057.25,5059.0
DJML,,152.65,153.9,150.35
DLF,411.0,380.05,503.25,532.4
DLINKINDIA,191.2,227.5,326.4,331.2
DMART,4525.85,4060.9,3761.05,3796.0
DMCC,,288.15,352.6,321.55
DNAMEDIA,4.0,3.45,3.05,3.1
DODLA,531.55,505.1,739.1,699.7
DOLATALGO,72.85,63.9,50.45,48.9
DOLLAR,541.1,426.15,434.9,444.0
DONEAR,60.45,93.05,104.7,109.3
DPABHUSHAN,410.9,290.0,491.0,546.5
DPSCLTD,14.9,13.2,14.8,16.55
DPWIRES,433.6,422.4,676.35,655.85
DRCSYSTEMS,,,43.35,38.3
DREAMFOLKS,409.15,373.1,507.1,494.5
DREDGECORP,319.5,389.05,514.55,495.9
DRREDDY,4169.0,4238.35,5578.55,5819.5
DSPBANKETF,,,44.75,46.89
DSPGOLDETF,,,59.15,58.7
DSPITETF,,,31.35,33.36
DSPN50ETF,181.45,184.34,198.12,205.21
DSPNEWETF,209.01,210.01,235.55,244.17
DSPPSBKETF,,,45.3,50.5
DSPPVBKETF,,,23.41,23.98
DSPQ50ETF,175.11,162.91,192.25,194.63
DSPSENXETF,,,65.44,68.0
DSPSILVETF,56.13,69.7,73.7,71.06
DSSL,309.1,349.75,726.95,695.2
DTIL,219.35,232.6,213.8,229.7
DVL,253.3,242.25,259.8,270.25
DWARKESH,103.4,105.4,90.0,103.65
DYNAMATECH,2393.25,2456.2,3863.9,3865.05
DYNPRO,322.2,318.25,390.65,359.8
EASEMYTRIP,392.8,53.15,40.8,39.95
EBBETF0425,1084.69,1097.5,1148.93,1152.89
EBBETF0430,1221.35,1233.97,1295.66,1301.15
EBBETF0431,1092.47,1104.54,1156.27,1158.43
EBBETF0433,,1005.44,1053.31,1055.78
ECLERX,2303.4,1278.55,1624.75,1850.95
EDELWEISS,68.1,64.25,54.35,54.5
EICHERMOT,3622.25,3213.45,3400.4,3427.2
EIDPARRY,595.35,575.8,477.1,562.3
EIFFL,156.8,171.3,143.55,147.0
EIHAHOTELS,461.75,428.85,493.9,480.45
EIHOTEL,181.4,179.15,272.25,236.65
EKC,123.1,100.5,118.0,126.5
ELDEHSG,661.85,596.55,728.85,711.25
ELECON,389.45,373.15,900.45,761.25
ELECTCAST,37.45,39.2,68.6,65.95
ELGIEQUIP,524.85,410.25,493.4,520.05
ELGIRUBCO,37.9,35.95,50.05,57.45
ELIN,,226.25,176.85,165.3
EMAMILTD,515.55,429.75,535.6,547.7
EMAMIPAP,185.45,145.15,132.4,139.7
EMAMIREAL,76.2,82.9,80.3,84.45
EMKAY,88.0,77.0,88.35,85.5
EMMBI,103.55,97.2,88.65,109.25
EMUDHRA,322.15,309.7,498.1,492.15
ENDURANCE,1504.1,1381.3,1659.6,1621.3
ENERGYDEV,22.5,19.45,17.65,20.1
ENGINERSIN,69.7,80.1,157.75,153.15
ENIL,173.95,155.05,156.35,148.85
EPL,172.75,169.6,195.9,198.6
EQUITASBNK,50.9,59.35,88.8,85.65
ERIS,699.55,661.25,812.35,821.7
EROSMEDIA,,28.25,18.1,18.8
ESABINDIA,3443.15,4253.05,5400.05,5145.35
ESCORTS,2000.6,2166.8,3133.9,3151.95
ESG,,,31.78,32.92
ESTER,176.45,132.95,95.75,94.1
ETHOSLTD,1035.85,1015.25,1654.85,1728.8
EVEREADY,336.25,355.55,420.15,405.1
EVERESTIND,686.1,773.7,1210.05,1112.05
EXCELINDUS,1462.15,1149.3,947.75,912.9
EXIDEIND,173.45,180.9,265.75,268.25
EXPLEOSOL,1364.0,1188.4,1356.45,1426.05
EXXARO,113.6,122.25,144.2,139.15
FACT,122.95,337.0,467.2,566.8
FAIRCHEMOR,2005.35,1301.45,1144.65,1156.95
FAZE3Q,,278.35,395.7,380.4
FCL,362.75,252.1,313.15,326.45
FCSSOFT,3.15,2.8,2.3,2.75
FDC,280.35,274.05,380.4,372.85
FEDERALBNK,122.05,137.75,143.8,148.25
FIBERWEB,39.6,36.2,30.75,32.55
FIEMIND,1728.25,1739.85,2004.65,1827.1
FILATEX,108.9,45.85,48.85,46.45
FINCABLES,476.45,560.85,1093.4,1114.65
FINEORG,6979.1,5646.85,4817.4,4989.8
FINOPB,279.35,247.5,355.55,344.5
FINPIPE,145.35,188.85,248.05,226.05
FIVESTAR,,627.5,728.25,687.55
FLUOROCHEM,3611.65,3100.3,3073.55,3125.4
FMGOETZE,301.1,314.1,364.0,369.45
FMNL,5.7,5.8,6.75,
FOCUS,140.55,311.35,770.2,803.5
FOODSIN,82.9,,183.75,171.4
FORCEMOT,1385.7,1499.35,3496.55,3780.15
FORTIS,306.55,283.6,324.4,330.5
FOSECOIND,1968.1,1933.9,3642.35,3425.1
FSL,113.0,103.9,167.8,169.4
FUSION,,396.0,623.3,616.15
GABRIEL,163.95,190.85,318.0,317.55
GAEL,286.45,253.4,260.65,290.35
GAIL,91.2,96.8,121.35,123.85
GALAXYSURF,3304.25,2467.25,2669.4,2651.0
GALLANTT,62.55,63.8,92.8,96.6
GANDHITUBE,470.55,519.15,722.5,685.8
GANECOS,641.6,924.45,1052.15,1008.1
GANESHBE,126.95,142.5,172.55,160.65
GANESHHOUC,383.95,364.3,428.2,440.05
GANGESSECU,110.6,124.0,115.7,130.45
GARFIBRES,3502.3,3122.8,3187.25,3138.65
GATEWAY,70.85,69.25,86.05,86.7
GATI,188.45,143.1,147.05,167.55
GEECEE,153.25,157.15,182.9,199.0
GENESYS,,443.9,346.85,356.25
GENSOL,,,1920.0,1875.45
GENUSPAPER,16.6,18.75,18.85,19.1
GENUSPOWER,88.05,84.55,271.5,270.15
GEOJITFSL,52.95,47.95,57.85,53.1
GEPIL,159.25,138.0,174.9,176.1
GESHIP,548.65,661.9,768.2,836.25
GET&D,136.7,116.5,316.1,378.25
GFLLIMITED,78.35,65.15,84.0,82.25
GHCL,689.55,532.8,607.65,647.8
GHCLTEXTIL,,,79.1,77.45
GICHSGFIN,143.95,232.0,180.25,207.15
GICRE,129.3,196.3,219.55,235.15
GILLANDERS,71.55,75.55,74.25,78.95
GILLETTE,5404.0,5015.15,5537.2,6281.85
GILT5YBEES,49.56,50.33,52.85,53.08
GIPCL,92.3,83.7,128.5,142.85
GLAND,2322.8,1575.75,1768.1,1696.15
GLAXO,1405.9,1303.85,1438.3,1600.25
GLENMARK,393.35,434.7,757.05,856.5
GLFL,3.85,2.9,3.7,3.4
GLOBUSSPR,878.8,842.95,892.4,932.8
GLS,428.15,418.8,631.8,646.2
GMBREW,627.55,617.35,598.05,663.05
GMDCLTD,155.2,151.8,249.3,288.6
GMMPFAUDLR,1920.95,1601.05,1670.3,1839.45
GMRINFRA,40.2,40.8,62.95,60.65
GMRP&UI,28.3,23.2,28.45,42.05
GNA,744.15,720.3,545.55,495.25
GNFC,771.55,567.3,623.4,650.85
GOACARBON,476.75,561.65,530.9,528.25
GOCLCORP,293.15,363.95,431.5,434.4
GOCOLORS,1288.75,1174.4,1352.5,1387.85
GODFRYPHLP,1160.0,1998.85,2132.35,2069.9
GODREJAGRO,525.6,474.9,480.65,492.5
GODREJCP,929.0,892.75,1005.35,1002.05
GODREJIND,476.5,438.1,536.95,574.95
GODREJPROP,1390.7,1243.1,1643.65,1660.85
GOKEX,345.65,366.4,770.85,775.6
GOKUL,31.0,42.95,30.8,34.1
GOKULAGRO,91.65,133.45,111.25,115.2
GOLDBEES,43.05,47.63,50.37,50.12
GOLDETF,,,59.2,58.9
GOLDIAM,140.2,134.3,126.15,129.85
GOLDSHARE,43.05,47.6,50.6,50.25
GOODLUCK,484.95,388.7,577.9,582.55
GOODYEAR,1170.8,1140.45,1358.75,1316.35
GPIL,293.9,409.0,621.55,623.8
GPPL,93.35,104.2,129.95,131.5
GRANULES,318.2,326.45,302.3,331.25
GRAPHITE,393.15,384.3,476.55,506.8
GRASIM,1808.3,1717.05,1811.5,1972.85
GRAUWEIL,71.15,87.55,137.45,134.9
GRAVITA,328.35,449.5,783.75,804.0
GREAVESCOT,174.9,137.05,148.75,146.05
GREENLAM,329.65,331.4,443.65,457.6
GREENPANEL,444.0,341.9,381.5,385.6
GREENPLY,202.0,146.35,163.45,160.9
GRINDWELL,2225.0,1847.2,2251.05,2066.2
GRINFRA,1343.15,1178.7,1275.1,1263.25
GRMOVER,442.7,417.8,183.65,215.5
GROBTEA,1015.55,876.55,906.45,890.2
GRSE,340.4,492.5,815.75,844.9
GRWRHITECH,789.85,670.55,1237.05,1258.1
GSFC,147.8,139.8,177.6,172.85
GSLSU,,,179.85,173.75
GSPL,252.7,272.05,277.35,279.1
GSS,239.9,254.5,197.0,206.45
GTL,8.95,8.1,7.6,
GTLINFRA,1.5,1.2,0.75,1.3
GTPL,173.75,136.9,153.85,183.65
GUFICBIO,236.45,225.35,323.3,299.15
GUJALKALI,944.1,778.95,731.95,742.1
GUJGASLTD,530.65,490.6,458.0,451.3
GULFOILLUB,462.7,432.4,585.1,551.75
GULFPETRO,60.6,42.8,45.8,45.4
GULPOLY,270.1,266.55,222.2,227.65
GVKPIL,,3.2,5.0,7.9
HAL,2544.15,2539.05,3941.75,3947.65
HAPPSTMNDS,1034.0,887.4,924.7,941.95
HARDWYN,263.15,339.35,38.9,39.8
HARIOMPIPE,282.15,359.1,630.4,586.45
HARRMALAYA,163.05,141.05,137.65,157.9
HARSHA,,387.85,446.85,431.95
HATHWAY,17.45,17.6,16.9,18.1
HATSUN,1084.25,899.9,1180.85,1186.45
HAVELLS,1358.4,1127.95,1377.75,1431.05
HBLPOWER,103.2,105.25,274.3,265.7
HBSL,58.0,55.8,57.7,56.45
HCC,13.25,21.45,29.0,25.1
HCG,271.25,284.15,350.45,362.2
HCLTECH,919.9,1041.35,1185.8,1304.6
HDFCAMC,2009.75,2189.65,2431.25,2726.05
HDFCBANK,1520.7,1639.35,1574.7,1661.75
HDFCBSE500,,,31.04,28.04
HDFCGOLD,,,51.99,51.64
HDFCGROWTH,,87.58,96.86,101.06
HDFCLIFE,566.75,595.6,641.35,644.9
HDFCLIQUID,,,999.99,1000.0
HDFCLOWVOL,,132.0,149.0,153.56
HDFCMID150,,,148.67,152.58
HDFCMOMENT,,195.0,231.93,232.55
HDFCNEXT50,450.14,423.51,450.19,462.46
HDFCNIF100,183.14,184.0,196.51,203.36
HDFCNIFBAN,,,449.97,467.42
HDFCNIFIT,,287.7,318.3,336.5
HDFCNIFTY,,,212.18,220.77
HDFCPVTBAN,,221.0,233.35,240.42
HDFCQUAL,,38.55,44.0,44.2
HDFCSENSEX,,,718.97,745.81
HDFCSILVER,56.17,68.85,73.5,70.72
HDFCSML250,,,120.72,123.4
HDFCVALUE,,91.86,103.03,106.81
HEADSUP,13.25,16.65,12.45,12.1
HEALTHY,7.93,8.08,9.59,9.91
HECPROJECT,29.25,57.4,44.7,46.85
HEG,1195.15,1077.2,1745.25,1745.65
HEIDELBERG,195.3,189.0,192.25,187.8
HEMIPROP,103.2,112.65,118.3,117.85
HERANBA,586.8,500.5,366.5,376.75
HERCULES,190.75,217.6,351.1,323.5
HERITGFOOD,329.55,371.5,256.05,237.9
HEROMOTOCO,2790.3,2720.4,2927.4,3064.85
HESTERBIO,2144.2,1792.8,1719.35,1736.3
HEUBACHIND,,,461.35,491.9
HEXATRADEX,166.8,156.0,145.75,149.8
HFCL,79.2,76.65,74.85,72.9
HGINFRA,625.4,639.45,922.9,985.3
HGS,1423.95,1336.1,1005.65,1020.0
HIKAL,372.8,416.85,308.45,305.45
HIL,3524.7,2716.8,2993.5,3054.3
HIMATSEIDE,104.6,83.1,147.6,146.85
HINDALCO,424.4,479.9,473.25,496.55
HINDCOMPOS,393.65,308.2,421.35,446.9
HINDCOPPER,122.0,116.35,167.1,161.3
HINDMOTORS,16.9,,14.8,15.8
HINDOILEXP,156.9,139.65,166.0,171.35
HINDPETRO,238.4,237.7,250.25,252.25
HINDUNILVR,2560.4,2542.05,2504.8,2469.7
HINDWAREAP,399.1,459.85,591.4,578.35
HINDZINC,290.75,331.65,319.7,321.5
HITECH,617.4,859.55,77.15,87.5
HITECHGEAR,235.45,257.05,398.0,386.35
HLEGLAS,3753.0,660.6,583.85,588.35
HLVLTD,9.85,12.0,18.25,19.75
HMAAGRO,,,764.1,789.85
HNDFDS,480.95,,549.25,548.2
HNGSNGBEES,264.9,292.9,268.61,271.45
HOMEFIRST,890.6,739.9,863.3,849.45
HONAUT,41889.4,41044.8,39397.6,40010.2
HONDAPOWER,1507.3,2219.75,2638.15,2767.35
HPAL,445.75,380.9,531.05,487.5
HPIL,,104.1,133.5,
HPL,73.85,102.2,232.8,221.3
HSCL,103.95,99.7,233.35,241.7
HTMEDIA,23.9,22.25,24.05,25.7
HUDCO,39.5,53.05,76.4,73.1
HUHTAMAKI,214.5,201.75,259.45,263.05
IBMFNIFTY,186.69,191.95,197.92,201.6
IBREALEST,81.9,83.4,81.15,78.1
IBULHSGFIN,136.7,150.65,197.1,191.9
ICEMAKE,,278.6,491.1,502.35
ICICI10GS,,207.0,218.2,219.35
ICICI500,26.2,25.96,28.67,29.66
ICICI5GSEC,50.17,50.65,53.24,53.49
ICICIALPLV,176.05,174.26,197.82,204.17
ICICIAUTO,134.08,127.02,161.79,166.87
ICICIB22,55.1,57.56,71.59,74.7
ICICIBANK,917.6,901.35,968.7,992.45
ICICIBANKN,41.33,43.49,44.82,46.62
ICICIBANKP,210.32,219.41,230.84,238.47
ICICICOMMO,,59.76,63.63,66.29
ICICICONSU,81.15,76.1,84.87,87.05
ICICIFIN,,16.93,19.79,20.36
ICICIFMCG,449.6,450.37,528.96,535.74
ICICIGI,1234.85,1267.6,1341.35,1377.85
ICICIGOLD,44.22,49.07,51.92,51.56
ICICIINFRA,54.12,54.05,61.3,64.12
ICICILIQ,1000.0,999.99,999.99,999.99
ICICILOVOL,143.22,142.82,161.0,165.94
ICICIM150,124.53,122.46,151.1,155.62
ICICIMCAP,109.71,100.67,119.75,122.59
ICICIMOM30,20.39,19.72,22.58,23.27
ICICINF100,200.08,200.75,212.57,220.58
ICICINIFTY,194.42,198.38,213.11,221.44
ICICINV20,95.98,99.83,111.43,116.28
ICICINXT50,46.79,43.8,46.39,47.54
ICICIPHARM,79.69,81.02,95.67,99.33
ICICIPRULI,575.2,468.85,561.8,595.0
ICICIQTY30,,,160.14,166.79
ICICISENSX,660.94,673.99,727.99,753.91
ICICISILVE,58.1,71.35,76.13,73.34
ICICITECH,28.68,30.12,33.02,34.98
ICIL,156.7,141.05,246.55,243.85
ICRA,3777.8,4929.85,5708.7,5726.2
IDBI,46.1,55.9,60.05,69.6
IDEA,9.65,7.95,10.0,11.7
IDEAFORGE,,,984.8,990.8
IDFC,69.75,84.75,123.5,126.45
IDFCFIRSTB,52.75,61.35,93.4,94.55
IDFNIFTYET,189.81,194.0,208.4,216.0
IEX,162.6,142.65,131.75,134.35
IFBAGRO,620.85,539.0,518.4,537.15
IFBIND,1044.0,935.65,960.35,946.55
IFCI,11.05,14.5,15.9,16.75
IFGLEXPOR,273.55,262.25,474.65,485.15
IGARASHI,448.85,419.65,584.05,620.55
IGL,435.35,419.3,467.05,473.4
IGPL,615.65,525.9,502.85,533.6
IIFL,362.85,466.4,595.2,585.35
IIFLSEC,78.55,66.1,80.25,79.55
IKIO,,,378.65,361.25
IMAGICAA,,40.1,56.7,56.4
IMFA,267.85,279.6,392.9,388.95
IMPAL,751.3,730.65,809.55,807.85
INCREDIBLE,24.75,22.3,29.55,29.9
INDBANK,23.3,33.05,31.8,40.65
INDHOTEL,333.9,320.2,424.25,416.65
INDIACEM,270.3,222.35,260.95,247.4
INDIAGLYCO,905.35,775.55,769.7,707.2
INDIAMART,4697.1,4351.15,3111.85,3086.45
INDIANB,204.85,296.8,377.1,397.7
INDIANCARD,222.0,233.65,212.1,265.9
INDIANHUME,176.55,153.85,285.5,262.55
INDIGO,1902.1,2040.95,2438.9,2391.45
INDIGOPNTS,1580.8,1308.25,1583.2,1535.15
INDNIPPON,492.3,406.7,474.6,539.9
INDOAMIN,140.4,93.85,118.4,125.6
INDOCO,359.35,410.65,311.85,362.1
INDORAMA,61.95,59.95,51.95,50.05
INDSWFTLAB,60.05,68.45,103.65,91.15
INDTERRAIN,67.05,75.15,54.85,61.0
INDUSINDBK,1195.85,1240.95,1416.55,1450.0
INDUSTOWER,203.8,189.7,181.7,188.25
INFIBEAM,16.65,16.9,14.75,17.75
INFOBEAN,632.1,533.15,484.8,468.3
INFOMEDIA,5.1,5.3,5.15,5.05
INFRABEES,554.47,551.36,623.7,651.98
INFY,1432.8,1522.55,1443.85,1511.6
INGERRAND,2053.15,1928.35,3187.75,2992.6
INOXGREEN,,47.1,68.65,68.9
INOXWIND,157.9,108.6,206.05,197.65
INSECTICID,995.0,727.25,506.0,496.8
INTELLECT,585.3,447.6,733.05,717.4
INTENTECH,81.9,69.35,79.35,85.7
INTLCONV,63.1,57.15,84.4,83.55
INVENTURE,3.2,2.7,2.05,2.35
IOB,19.1,32.25,30.1,39.5
IOC,71.55,78.5,89.05,91.95
IOLCP,397.4,371.95,431.3,503.4
IONEXCHANG,2236.4,2777.9,568.4,521.95
IPCALAB,875.25,849.95,866.8,930.75
IPL,308.85,249.15,296.55,286.5
IRB,232.7,314.8,30.4,30.85
IRCON,42.3,60.75,118.7,145.9
IRCTC,724.35,644.05,688.35,695.65
IRFC,22.3,33.85,55.75,79.35
IRISDOREME,193.5,251.35,75.55,74.25
ISEC,531.2,502.1,624.7,639.35
ISFT,152.25,147.35,128.85,142.4
ISGEC,544.7,479.7,694.4,735.95
ISMTLTD,54.8,55.55,80.95,76.65
ITBEES,28.79,30.18,33.07,35.07
ITC,334.1,331.1,441.05,448.35
ITDC,375.6,355.35,389.65,388.65
ITDCEM,113.8,123.55,234.35,226.7
ITI,111.85,105.2,120.4,196.55
IVP,153.85,127.65,165.6,173.8
IVZINGOLD,4479.35,4985.55,5252.05,5215.0
IWEL,797.95,966.35,2715.85,2551.05
J&KBANK,33.3,57.9,88.9,104.6
JAGRAN,70.6,75.05,107.9,104.7
JAGSNPHARM,387.2,369.45,422.25,440.95
JAICORPLTD,181.3,151.0,241.65,213.6
JAIPURKURT,57.1,,91.0,80.65
JAMNAAUTO,119.9,105.05,121.65,122.05
JASH,800.3,854.55,1489.95,1354.55
JAYAGROGN,220.45,180.25,204.7,207.6
JAYBARMARU,181.15,162.3,285.45,280.65
JAYNECOIND,32.7,25.7,32.8,39.0
JAYSREETEA,99.1,100.15,96.85,99.3
JBCHEPHARM,1953.1,1982.85,2796.15,2956.95
JCHAC,1533.9,1139.85,1310.85,1288.1
JINDALPHOT,352.55,348.1,369.9,377.0
JINDALPOLY,982.4,783.45,681.35,665.1
JINDALSAW,88.4,110.5,360.7,369.8
JINDALSTEL,446.35,598.5,701.1,711.45
JINDRILL,267.85,292.95,552.4,564.3
JINDWORLD,246.85,435.55,388.7,382.35
JISLJALEQS,42.2,33.45,62.3,61.55
JKCEMENT,2914.2,2964.65,3341.0,3276.8
JKIL,301.0,283.75,419.9,408.1
JKLAKSHMI,616.2,787.05,667.35,654.15
JKPAPER,435.25,416.0,367.7,396.1
JKTYRE,186.9,188.35,267.65,258.7
JMA,73.55,69.55,79.6,77.4
JMFINANCIL,67.9,73.35,86.1,86.0
JOCIL,199.9,198.05,192.0,210.9
JPASSOCIAT,9.15,10.95,11.25,12.95
JPOLYINVST,408.15,453.05,486.1,470.3
JPPOWER,8.5,7.65,8.2,10.1
JSL,137.4,248.7,463.65,491.2
JSWENERGY,340.45,289.95,354.25,398.85
JSWHL,4782.25,4419.05,4515.7,4773.35
JSWSTEEL,689.65,767.9,806.4,812.85
JTEKTINDIA,102.85,145.2,135.55,144.35
JTLIND,,305.35,417.75,218.35
JUBLFOOD,634.5,507.35,506.05,533.4
JUBLINDS,,403.15,699.4,687.2
JUBLINGREA,500.8,534.15,518.05,495.55
JUBLPHARMA,331.75,359.9,469.85,433.55
JUNIORBEES,480.38,448.58,476.02,489.03
JUSTDIAL,600.1,601.3,765.65,717.6
JWL,,98.9,360.5,351.65
JYOTHYLAB,190.2,204.05,365.55,357.15
KABRAEXTRU,403.0,491.3,440.05,464.75
KAJARIACER,1243.85,1150.15,1459.0,1343.0
KAKATCEM,230.4,227.85,226.1,231.6
KALYANKJIL,97.4,124.7,245.5,228.65
KAMDHENU,,384.75,303.05,297.5
KANORICHEM,154.75,152.4,121.7,129.1
KANPRPLA,118.5,103.0,121.5,119.0
KANSAINER,505.05,428.15,340.0,326.65
KAPSTON,141.05,135.25,157.35,161.7
KARURVYSYA,84.75,112.0,121.75,132.95
KAYA,365.5,322.55,368.85,350.65
KAYNES,,738.35,1990.9,2119.25
KCP,119.55,113.0,115.6,119.6
KCPSUGIND,22.85,31.6,32.55,36.5
KDDL,908.25,1049.8,1892.35,1986.45
KEC,450.75,474.3,669.95,660.25
KECL,43.8,63.35,111.4,109.45
KEI,1524.75,1515.4,2681.4,2651.65
KELLTONTEC,70.1,,90.15,91.6
KENNAMET,2597.8,2294.75,2822.5,2757.25
KEYFINSERV,137.9,106.85,117.45,112.35
KFINTECH,,358.25,443.65,464.95
KHADIM,282.0,239.0,275.1,275.45
KHAICHEM,82.95,78.35,68.8,67.7
KICL,1995.6,2178.8,2463.3,2783.55
KIMS,1241.85,1507.4,1933.55,2055.3
KINGFA,,1309.7,2389.3,2359.85
KIOCL,210.65,227.95,222.8,262.2
KIRIINDUS,505.5,471.3,276.6,281.4
KIRLFER,258.8,365.6,479.1,463.75
KIRLOSBROS,344.6,321.1,830.0,813.2
KIRLOSENG,248.2,316.3,491.65,485.3
KIRLOSIND,1627.45,1993.1,3553.65,3487.8
KIRLPNU,,,624.4,609.25
KITEX,225.65,192.75,198.4,198.3
KKCL,419.35,512.2,673.25,696.95
KMSUGAR,29.0,30.4,31.4,33.95
KNRCON,251.1,266.2,274.35,276.15
KOLTEPATIL,351.3,269.35,452.85,456.05
KOPRAN,180.65,148.8,235.7,229.6
KOTAKALPHA,30.97,28.73,33.89,34.64
KOTAKBANK,1934.15,1832.85,1771.1,1813.9
KOTAKBKETF,418.23,441.09,452.53,469.58
KOTAKCONS,80.3,75.56,83.6,87.62
KOTAKGOLD,43.11,47.83,50.66,50.22
KOTAKIT,28.54,29.91,32.76,34.74
KOTAKLIQ,,,1000.0,1000.0
KOTAKLOVOL,13.45,13.47,15.16,15.63
KOTAKMID50,89.74,89.12,113.98,118.02
KOTAKMNC,20.17,19.79,22.02,22.49
KOTAKNIFTY,190.42,194.07,208.54,216.44
KOTAKNV20,97.77,101.73,114.11,118.27
KOTAKPSUBK,321.9,435.96,450.48,504.42
KOTAKSILVE,,69.2,74.54,71.48
KOTHARIPET,76.3,70.25,126.95,121.9
KOTHARIPRO,134.15,147.2,128.6,127.3
KOVAI,1533.8,1719.2,2693.6,2614.55
KPIGREEN,901.5,905.35,873.4,857.3
KPIL,,,656.1,661.35
KPITTECH,594.0,691.75,1200.7,1169.65
KPRMILL,590.6,517.1,761.6,725.05
KRBL,358.0,393.05,401.45,422.2
KRISHANA,356.05,435.3,430.9,420.35
KRITI,86.75,82.45,110.3,105.85
KRSNAA,510.55,457.35,645.15,652.7
KSB,1940.8,1904.35,2742.9,2667.25
KSCL,475.85,512.25,544.9,605.55
KSL,332.55,372.2,499.4,535.3
KTKBANK,82.45,158.0,218.1,228.0
KUANTUM,120.35,143.6,188.4,186.5
L&TFH,84.55,90.4,126.45,128.7
LALPATHLAB,2363.85,2239.3,2201.25,2335.8
LANDMARK,,508.05,703.5,790.55
LAOPALA,365.55,384.5,432.2,423.95
LASA,38.85,31.6,31.2,
LATENTVIEW,394.65,370.45,455.15,427.3
LAURUSLABS,530.75,377.8,396.45,400.95
LAXMICOT,25.05,22.65,20.15,21.2
LAXMIMACH,12550.45,12168.8,15132.35,15161.25
LEMONTREE,86.0,83.75,108.05,121.55
LFIC,104.9,112.95,138.4,145.8
LGBBROSLTD,777.3,724.05,1059.25,1046.9
LGBFORGE,13.85,13.05,10.15,9.25
LIBAS,25.55,18.15,13.05,13.1
LIBERTSHOE,191.5,286.6,256.75,253.85
LICHSGFIN,440.35,421.6,433.2,458.75
LICI,672.6,734.6,645.75,667.5
LICMFGOLD,,,5419.2,5370.0
LICNETFGSC,22.63,22.69,23.99,24.04
LICNETFN50,192.81,196.25,211.26,218.68
LICNETFSEN,651.0,665.74,717.01,742.05
LICNFNHGP,195.52,195.25,208.31,214.99
LIKHITHA,358.7,239.7,300.75,306.85
LINC,309.35,446.95,648.55,715.3
LINCOLN,296.45,354.55,509.95,514.9
LINDEINDIA,3426.65,3482.55,6549.35,5922.0
LIQUID,,,999.99,999.99
LIQUIDBEES,1000.0,1000.0,1000.01,999.99
LIQUIDETF,999.99,999.99,999.99,999.99
LLOYDSME,,,548.35,572.95
LODHA,1040.55,1091.4,680.75,796.25
LORDSCHLO,,,175.05,166.0
LOVABLE,170.25,134.95,138.8,134.2
LOWVOL,,,148.58,154.58
LOYALTEX,864.35,771.55,649.35,662.55
LPDC,7.05,7.9,7.2,7.1
LT,1957.5,2088.95,2702.1,2908.55
LTGILTBEES,22.78,23.07,24.38,24.43
LTIM,,4349.15,5303.35,5532.8
LTTS,3631.4,3707.25,4450.7,4723.95
LUMAXIND,1767.65,1715.9,2286.45,2302.5
LUMAXTECH,308.25,240.05,376.05,375.8
LUPIN,662.9,737.95,1093.85,1150.7
LUXIND,1914.65,1654.35,1467.45,1535.4
LXCHEM,382.95,299.4,297.85,295.1
LYKALABS,142.0,129.95,117.0,113.3
M&M,1297.05,1249.3,1591.95,1601.1
M&MFIN,229.9,234.25,299.15,300.95
MACPOWER,283.4,329.95,301.55,305.25
MADHAV,51.85,44.7,49.3,46.25
MADRASFERT,53.1,72.9,75.25,81.8
MAFANG,40.81,38.04,64.24,64.61
MAGADSUGAR,308.1,325.05,526.7,670.2
MAHABANK,19.6,32.05,38.35,45.1
MAHEPC,111.65,109.25,127.65,119.55
MAHKTECH,13.6,15.09,14.83,14.71
MAHLIFE,494.35,365.7,568.25,578.7
MAHLOG,534.15,503.25,393.8,407.25
MAHSCOOTER,5270.2,4689.9,7222.65,7560.45
MAHSEAMLES,833.85,334.4,559.1,575.45
MAITHANALL,1064.35,1092.4,1070.35,1059.9
MAKEINDIA,,,99.22,101.07
MALLCOM,695.05,741.55,1046.1,1040.85
MALUPAPER,37.75,40.05,35.15,41.3
MANAKALUCO,21.8,22.3,26.1,27.55
MANAKCOAT,19.65,18.1,18.95,
MANAKSIA,83.85,77.7,141.35,143.5
MANAKSTEEL,38.85,35.6,49.55,48.5
MANALIPETC,101.35,82.7,68.1,66.4
MANAPPURAM,102.65,122.1,151.8,141.8
MANGALAM,159.75,136.85,104.5,102.45
MANGCHEFER,127.45,85.8,111.05,109.15
MANGLMCEM,368.65,300.1,354.9,366.75
MANINDS,88.2,78.8,179.05,167.95
MANINFRA,98.25,75.35,152.5,145.45
MANKIND,,,1716.55,1765.65
MANOMAY,,,129.3,143.7
MANORAMA,1242.4,1019.35,1947.2,1826.35
MANORG,605.4,514.45,389.75,385.8
MANUGRAPH,15.1,15.9,26.15,
MANYAVAR,1427.4,1333.4,1258.4,1314.0
MAPMYINDIA,1387.65,1055.7,1730.7,1715.7
MARALOVER,68.25,66.4,62.25,74.95
MARATHON,257.5,227.2,369.55,454.75
MARICO,523.7,510.6,569.35,580.15
MARKSANS,53.55,59.0,111.35,103.05
MARUTI,9209.75,8382.75,10331.25,10525.25
MASFIN,745.75,829.75,818.25,880.7
MASPTOP50,26.47,25.88,32.9,33.13
MASTEK,1855.85,1709.15,2365.5,2382.25
MATRIMONY,677.25,590.4,635.75,591.85
MAWANASUG,94.0,99.5,99.55,115.65
MAXHEALTH,439.55,446.55,574.95,572.45
MAXIND,82.9,98.45,152.8,147.95
MAYURUNIQ,540.7,423.1,563.5,513.95
MAZDOCK,418.4,834.15,1887.05,2270.0
MBAPL,,,635.9,608.15
MCDOWELL-N,853.65,865.05,1012.45,1048.95
MCLEODRUSS,23.8,29.4,24.8,
MCX,1292.9,1478.0,1824.0,1779.65
MEDANTA,,458.9,706.75,701.95
MEDICAMEQ,1093.8,845.75,723.3,676.0
MEDICO,,,78.4,69.75
MEDPLUS,703.2,619.05,833.1,808.25
MENONBE,122.35,104.0,153.9,149.6
MEP,15.3,19.1,11.75,12.45
METROBRAND,802.9,873.1,1053.25,1084.45
METROPOLIS,1418.35,1366.85,1362.9,1476.8
MFL,1529.35,1191.15,1003.85,
MFSL,813.0,709.75,937.25,935.25
MGL,895.55,856.6,1030.3,1053.35
MHRIL,293.85,268.15,397.55,415.25
MID150BEES,125.38,122.7,151.19,155.54
MIDCAPETF,,,14.92,15.34
MIDHANI,203.5,222.6,411.25,420.3
MINDACORP,231.65,204.85,345.25,343.6
MIRZAINT,346.3,244.65,44.85,44.35
MITCON,77.15,64.1,79.95,79.4
MKPL,,,815.15,840.5
MMFL,871.05,829.05,935.65,918.05
MMTC,38.1,38.5,43.75,61.6
MOGSEC,49.4,50.14,52.66,52.88
MOHEALTH,23.01,23.09,27.99,28.92
MOHITIND,20.8,16.6,15.2,15.35
MOIL,165.4,170.65,242.6,230.55
MOKSH,14.9,12.5,13.05,15.0
MOL,132.3,111.45,83.7,84.3
MOLDTECH,93.1,155.25,378.25,339.7
MOLDTKPAC,1017.7,989.8,967.7,940.6
MOLOWVOL,24.51,25.21,28.39,28.7
MOM100,34.39,33.8,41.99,43.43
MOM50,179.2,184.22,196.71,204.48
MOMENTUM,20.5,19.59,22.45,23.07
MOMOMENTUM,40.66,39.28,44.86,46.37
MON100,96.9,90.25,124.6,124.66
MONARCH,394.85,346.85,349.65,339.6
MONQ50,55.01,52.35,53.29,53.87
MONTECARLO,863.3,714.35,749.6,774.1
MOQUALITY,126.72,122.06,135.1,
MORARJEE,20.2,22.8,20.9,21.6
MOREPENLAB,34.15,35.25,38.7,37.6
MOTHERSON,128.95,76.05,97.8,98.45
MOTILALOFS,791.8,711.05,908.7,852.75
MOVALUE,52.0,50.68,60.25,63.78
MPHASIS,2096.65,2004.3,2433.2,2493.15
MPSLTD,710.8,867.05,1497.35,1495.5
MRF,92868.45,88876.15,107984.15,109233.85
MRO-TEK,66.35,60.0,61.2,59.9
MRPL,71.35,57.1,96.35,94.1
MSTCLTD,284.6,302.95,400.1,438.05
MSUMI,91.05,57.5,65.95,65.7
MTARTECH,1683.0,1600.5,2723.95,2602.45
MTNL,24.25,26.1,25.2,27.7
MUKANDLTD,114.15,129.2,185.95,171.95
MUKTAARTS,63.85,53.5,59.6,60.95
MUNJALAU,54.3,48.05,58.65,58.55
MUNJALSHOW,106.05,100.15,141.65,151.0
MUTHOOTCAP,244.75,270.45,403.75,429.65
MUTHOOTFIN,1059.55,1087.25,1261.25,1325.55
NACLIND,79.95,104.95,82.25,78.95
NAGAFERT,,,8.75,8.75
NAHARCAP,400.1,326.95,287.55,323.6
NAHARINDUS,129.95,110.9,118.85,146.7
NAHARPOLY,369.8,267.75,251.95,253.45
NAHARSPING,346.35,279.95,271.45,272.9
NAM-INDIA,294.55,253.15,317.25,333.3
NARMADA,,23.95,19.45,19.85
NATCOPHARM,637.75,563.1,902.6,882.25
NATHBIOGEN,180.75,164.65,209.35,223.45
NATIONALUM,79.25,83.1,98.35,97.35
NAUKRI,4197.9,3917.0,4372.35,4484.6
NAVA,216.75,256.2,417.8,415.2
NAVINFLUOR,4807.3,4034.0,4599.15,4543.55
NAVKARCORP,66.5,66.8,58.8,60.25
NAVNETEDUL,144.4,121.15,160.35,155.95
NAZARA,736.9,611.4,759.55,836.8
NBCC,34.7,41.1,52.75,60.35
NBIFIN,1927.0,1696.8,1741.4,1859.8
NCC,73.6,90.65,170.95,145.35
NCLIND,191.6,176.2,238.15,224.0
NDGL,1450.45,1389.3,1671.05,1759.2
NDL,35.25,26.0,23.1,23.3
NDTV,,344.75,215.8,219.65
NECCLTD,26.9,24.8,21.9,22.2
NECLIFE,24.95,23.8,26.45,25.75
NELCAST,87.65,112.75,137.55,129.8
NELCO,952.45,698.55,814.65,809.05
NEOGEN,1559.35,1249.65,1735.55,1739.5
NESCO,631.55,618.35,718.4,719.3
NESTLEIND,19009.0,19727.3,21915.55,22622.3
NETF,187.8,191.34,204.87,212.66
NETWEB,,,845.8,816.55
NETWORK18,71.75,66.85,69.15,66.15
NEULANDLAB,1235.25,1714.2,3792.0,3684.0
NEWGEN,388.95,375.75,824.95,872.25
NEXT50,,,453.92,465.25
NEXTMEDIA,5.7,,4.9,5.8
NFL,51.4,72.75,67.95,75.7
NGLFINE,1575.0,1522.35,2304.4,1981.4
NH,707.8,749.65,1024.25,1111.25
NHPC,38.7,39.8,50.25,54.8
NIACL,93.55,131.7,129.95,143.2
NIF100BEES,190.6,191.29,201.97,209.48
NIFTYBEES,195.69,199.68,214.27,222.57
NIFTYETF,,,204.77,212.85
NIFTYQLITY,14.65,14.24,16.13,16.86
NIITLTD,354.8,316.1,82.55,123.6
NIITMTS,,,386.55,434.25
NILAINFRA,8.1,6.85,5.55,
NILKAMAL,2242.85,1897.8,2421.15,2367.55
NITCO,24.15,29.0,21.0,19.2
NITINSPIN,231.65,210.1,313.3,293.25
NKIND,,39.1,40.45,38.4
NLCINDIA,76.0,86.05,136.85,131.85
NMDC,125.65,125.6,130.5,149.9
NOCIL,278.45,243.45,220.0,245.9
NOIDATOLL,9.25,7.9,7.0,6.9
NOVARTIND,716.9,667.45,714.4,750.05
NPBET,215.28,225.62,233.7,243.93
NRAIL,398.2,291.1,349.25,371.05
NRBBEARING,178.15,158.2,268.25,274.45
NRL,,,97.45,93.9
NSIL,1872.25,2335.75,2543.2,2562.35
NSLNISP,,,57.45,54.15
NTPC,175.1,167.6,230.7,236.2
NUCLEUS,407.15,389.3,1011.75,1019.2
NUVOCO,406.65,370.1,344.8,364.9
NV20BEES,98.74,102.85,114.37,119.8
NYKAA,1335.05,153.5,135.45,153.55
OAL,548.45,409.8,388.15,374.0
OBCL,105.0,77.05,51.25,51.05
OBEROIRLTY,1076.7,877.15,1127.9,1173.9
OCCL,962.55,790.5,867.2,828.95
OFSS,3109.7,2999.55,4136.25,4298.95
OIL,188.25,211.3,273.05,284.4
OLECTRA,614.7,515.2,1240.1,1254.55
OMAXAUTO,71.0,68.15,55.45,60.8
OMAXE,104.95,72.95,45.7,46.05
ONELIFECAP,13.3,14.45,12.2,13.4
ONGC,132.6,149.55,181.75,186.65
ONMOBILE,126.3,102.25,117.7,112.75
ONWARDTEC,233.7,303.4,566.5,575.9
OPTIEMUS,263.75,308.7,360.25,325.75
ORIENTALTL,10.95,8.4,7.3,7.2
ORIENTBELL,662.25,541.3,453.1,463.25
ORIENTCEM,138.7,131.7,199.85,180.9
ORIENTELEC,278.15,262.95,235.7,223.25
ORIENTHOT,74.15,73.7,88.7,88.45
ORIENTLTD,65.45,64.35,92.8,
ORIENTPPR,34.35,42.1,49.35,53.55
ORISSAMINE,,2941.05,4528.95,4721.2
OSWALAGRO,44.5,41.1,31.45,30.35
OSWALGREEN,,,26.8,24.75
OSWALSEEDS,,,59.5,66.15
PAGEIND,49182.1,42166.35,39822.0,40605.15
PAISALO,71.1,78.45,63.6,63.85
PAKKA,,,185.05,216.45
PALREDTEC,163.2,185.9,163.75,151.5
PANACEABIO,139.8,141.35,134.85,145.9
PANAMAPET,311.85,353.4,325.0,324.05
PARADEEP,68.4,59.0,72.15,71.1
PARAGMILK,126.7,103.1,199.2,199.25
PARAS,756.3,593.75,785.6,759.25
PARSVNATH,8.6,9.95,9.0,9.0
PASUPTAC,38.9,33.6,38.7,35.9
PATELENG,25.0,19.7,56.5,55.4
PAVNAIND,,,425.05,444.85
PAYTM,729.75,535.45,857.4,885.15
PCBL,148.45,131.75,171.45,167.6
PCJEWELLER,,82.9,26.55,26.9
PDMJEPAPER,44.9,47.95,48.6,53.0
PDSL,311.25,350.85,322.3,448.65
PEARLPOLY,22.55,24.15,24.35,26.9
PEL,986.1,840.7,1078.25,1070.8
PENIND,47.6,57.85,111.15,109.4
PENINLAND,,13.1,35.05,31.0
PERSISTENT,3246.75,4048.9,5543.3,5965.65
PETRONET,215.5,216.1,219.55,241.0
PFC,118.55,156.0,257.4,279.4
PFIZER,4290.75,4393.45,3815.55,3905.05
PFOCUS,80.0,74.9,88.8,81.05
PFS,15.9,16.9,28.85,28.15
PGEL,980.1,1118.1,1996.95,1822.25
PGHH,14683.05,13933.05,16119.25,17452.15
PGHL,4300.0,4071.7,4838.15,4928.9
PGIL,542.3,408.9,835.95,963.1
PHARMABEES,12.65,12.75,15.25,15.81
PHOENIXLTD,1377.55,1431.2,1849.65,1851.15
PIDILITIND,2901.85,2537.0,2498.25,2481.5
PIIND,3278.9,3413.1,3621.1,3631.65
PILANIINVS,2008.3,1935.3,1995.2,2216.75
PIONEEREMB,49.2,42.7,52.05,49.85
PITTIENG,310.8,315.75,655.85,616.4
PIXTRANS,900.95,859.35,1184.75,1107.7
PLASTIBLEN,234.25,187.75,237.8,233.4
PNB,40.45,57.8,65.4,74.15
PNBGILTS,63.35,64.25,63.7,67.15
PNBHOUSING,413.75,573.1,651.65,719.55
PNC,47.9,41.6,39.75,37.1
PNCINFRA,287.5,307.6,331.05,370.95
POCL,,,484.05,468.45
PODDARMENT,269.95,270.1,359.9,348.15
POKARNA,546.6,380.25,578.05,495.45
POLICYBZR,519.65,453.85,769.9,772.3
POLYCAB,2652.7,2590.9,5208.25,5166.8
POLYMED,910.85,906.6,1394.35,1498.5
POLYPLEX,2071.2,1593.55,1223.35,1170.3
PONNIERODE,256.1,490.6,398.8,431.8
POONAWALLA,314.8,303.85,409.8,388.95
POWERGRID,237.6,215.6,252.2,194.1
POWERINDIA,3507.4,3371.8,4380.9,4303.75
POWERMECH,1584.3,2126.15,4235.35,4297.0
PPAP,225.65,,227.45,267.8
PPL,194.0,166.05,264.8,265.85
PPLPHARMA,,123.9,103.95,101.7
PRAENG,14.85,16.15,15.3,14.0
PRAJIND,416.4,366.55,494.9,587.35
PRAKASH,57.8,58.25,119.8,135.05
PRECAM,128.25,116.2,260.3,274.3
PRECOT,261.25,191.65,185.95,226.1
PRECWIRE,88.6,82.55,101.05,112.65
PRESTIGE,471.4,469.15,668.45,619.9
PRICOLLTD,162.55,192.95,332.65,337.9
PRIMESECU,110.95,103.8,148.05,149.2
PRINCEPIPE,602.05,598.0,727.4,720.9
PRITI,211.75,,172.9,168.15
PRIVISCL,1427.85,1146.25,1175.3,1217.25
PROZONER,,,30.45,28.75
PRSMJOHNSN,130.95,103.45,130.75,133.3
PRUDENT,691.6,1049.4,1121.35,1157.4
PSB,16.25,32.4,34.8,44.65
PSPPROJECT,644.9,716.35,817.8,808.95
PSUBANKICI,,,45.69,50.74
PSUBNKBEES,35.88,48.48,50.48,56.11
PTC,84.3,86.3,138.8,149.3
PTCIL,,,5960.4,5887.35
PTL,36.5,32.35,33.6,36.75
PUNJABCHEM,1326.5,1137.7,1149.4,1137.35
PURVA,110.6,92.5,109.15,110.4
PVRINOX,,,1779.0,1762.25
QGOLDHALF,42.81,47.38,50.31,49.85
QNIFTY,1890.24,1929.46,2071.03,2154.6
QUESS,634.4,409.1,426.45,452.05
QUICKHEAL,205.05,172.75,219.35,225.25
RACE,,,274.7,260.2
RADAAN,1.65,,1.75,1.95
RADHIKAJWE,168.9,152.5,34.4,35.85
RADIANTCMS,,,95.45,94.35
RADICO,1091.55,1043.5,1257.5,1226.9
RAILTEL,108.2,128.15,241.8,222.75
RAIN,184.2,179.8,164.2,175.1
RAINBOW,620.2,779.1,1054.85,1025.95
RAJESHEXPO,560.7,749.05,500.05,528.85
RAJRATAN,1244.05,883.1,744.55,768.1
RAJSREESUG,34.2,59.25,57.65,
RAJTV,45.4,59.2,48.4,48.8
RALLIS,240.55,243.65,235.25,238.9
RAMANEWS,17.2,16.1,13.05,16.2
RAMAPHO,335.65,271.45,250.55,249.4
RAMASTEEL,115.9,182.9,38.8,37.3
RAMCOCEM,790.75,713.25,888.3,894.85
RAMCOIND,216.85,161.25,190.3,182.55
RAMCOSYS,282.2,252.65,285.15,274.2
RAMKY,217.75,311.45,557.4,554.9
RAMRAT,463.15,174.05,307.85,286.6
RANASUG,25.35,26.65,26.75,28.45
RANEHOLDIN,886.3,907.35,1024.15,1203.2
RATEGAIN,286.0,295.0,617.9,577.45
RATNAMANI,1978.65,2020.05,2593.7,2684.65
RAYMOND,1093.5,1495.1,2025.3,2007.25
RBA,126.8,113.25,123.75,128.35
RBL,792.05,733.15,781.3,814.4
RBLBANK,130.65,186.65,238.05,233.15
RCF,102.4,130.55,121.8,130.4
RECLTD,106.4,123.0,238.8,244.9
REDINGTON,157.2,190.2,156.2,158.0
REDTAPE,,,460.9,446.85
REFEX,177.15,274.8,673.8,684.3
RELAXO,1065.35,900.35,924.3,893.4
RELCHEMQ,193.25,193.8,198.2,195.85
RELIANCE,2562.7,2557.05,2412.65,2457.85
RELIGARE,169.75,179.45,230.2,262.05
RENUKA,50.85,58.1,47.1,55.25
REPCOHOME,255.9,230.8,387.05,393.7
REPL,172.25,137.55,185.85,194.7
REPRO,496.0,390.1,831.9,809.65
RESPONIND,141.1,120.25,245.55,336.9
RGL,115.8,100.45,102.65,106.7
RHIM,637.15,864.05,711.8,769.25
RHL,,,117.55,108.8
RICOAUTO,60.25,82.7,84.65,83.65
RIIL,1191.5,940.2,1011.65,971.05
RITES,296.25,337.35,510.1,520.25
RKEC,48.0,44.7,75.4,67.9
RKFORGE,207.4,261.8,713.1,689.4
RML,389.8,416.85,662.5,901.3
ROHLTD,261.4,263.4,311.35,297.8
ROLEXRINGS,2003.95,1767.6,2199.05,2318.25
ROML,,,44.35,44.25
ROSSARI,1029.65,726.05,855.95,828.0
ROSSELLIND,301.4,320.6,491.65,510.45
ROTO,478.95,458.7,350.9,358.45
ROUTE,1443.65,1219.8,1553.65,1591.7
RPGLIFE,752.6,837.15,1188.1,1257.35
RPOWER,,14.8,19.0,19.15
RPPL,200.65,169.1,157.35,164.2
RPSGVENT,570.1,453.25,639.65,630.1
RSWM,368.35,188.5,211.2,196.6
RSYSTEMS,233.8,252.05,489.25,495.15
RTNINDIA,54.3,43.15,61.15,59.6
RTNPOWER,5.05,4.0,7.0,6.95
RUBYMILLS,684.3,200.95,241.3,253.75
RUCHIRA,142.65,126.0,150.15,151.9
RUPA,357.85,282.85,265.6,272.6
RUSHIL,653.45,437.4,308.35,299.0
RUSTOMJEE,,526.6,606.2,590.9
RVNL,33.95,71.95,138.3,170.15
SADHNANIQ,,,77.4,81.6
SAFARI,1580.3,1689.55,3671.8,3522.7
SAGARDEEP,32.0,29.7,26.2,24.95
SAGCEM,229.6,238.35,235.25,234.9
SAH,,,118.75,101.8
SAHYADRI,,,421.1,448.7
SAIL,82.25,88.35,96.95,96.35
SAKAR,239.8,243.05,352.45,326.0
SAKHTISUG,23.4,26.1,29.9,34.85
SAKSOFT,1139.75,129.2,318.55,336.65
SAKUMA,16.9,17.25,17.3,19.7
SALASAR,34.1,52.8,54.05,51.85
SALONA,277.35,265.15,261.95,263.7
SALZERELEC,274.0,265.4,408.2,378.85
SANDESH,780.65,1172.9,1084.2,1040.5
SANDHAR,240.05,227.6,387.5,402.4
SANGAMIND,317.75,235.6,345.15,340.6
SANGHVIMOV,262.9,346.5,744.25,706.4
SANGINITA,29.2,22.7,22.3,23.3
SANOFI,6042.1,5805.8,7115.9,7181.25
SANSERA,726.1,763.4,944.65,964.35
SAPPHIRE,1440.35,1326.0,1408.4,1471.75
SARDAEN,906.8,1117.25,241.75,211.5
SAREGAMA,401.7,389.95,392.3,410.5
SARLAPOLY,56.65,46.85,47.55,51.75
SASKEN,928.15,901.7,985.0,1055.9
SASTASUNDR,323.55,284.25,288.4,284.25
SATIA,139.35,137.25,130.55,133.1
SATIN,131.15,163.35,207.0,241.2
SATINDLTD,,67.5,114.85,117.75
SBCL,607.85,398.25,576.5,548.9
SBFC,,,86.85,85.9
SBGLP,,,316.45,331.6
SBICARD,958.65,792.4,840.3,839.0
SBIETFCON,81.11,76.12,84.79,86.9
SBIETFIT,287.54,301.15,330.22,349.67
SBIETFPB,212.5,221.7,233.87,240.57
SBIETFQLTY,153.17,149.68,169.16,176.29
SBILIFE,1295.0,1268.4,1320.55,1372.65
SBIN,572.15,612.4,569.55,598.8
SCHAEFFLER,3710.1,2752.25,3157.6,3314.4
SCHAND,190.75,179.05,293.5,274.55
SCHNEIDER,154.75,163.25,355.45,351.75
SCI,125.65,148.05,129.3,142.95
SDBL,98.7,115.4,319.8,323.5
SDL24BEES,108.82,110.37,115.59,115.99
SDL26BEES,108.28,109.89,114.75,115.1
SEAMECLTD,1126.6,891.7,638.0,633.1
SECURCRED,,121.35,20.1,18.55
SECURKLOUD,71.25,60.35,40.9,41.45
SELAN,303.85,238.85,348.25,394.4
SENCO,,,408.1,478.75
SEPC,9.05,11.55,14.3,13.15
SEQUENT,113.65,87.8,92.55,91.8
SESHAPAPER,287.05,283.85,320.85,382.35
SETF10GILT,203.4,205.78,217.37,218.7
SETFGOLD,44.08,49.03,52.02,51.53
SETFNIF50,184.84,188.64,202.48,210.27
SETFNIFBK,412.72,435.54,449.01,466.92
SETFNN50,475.57,444.45,471.73,484.08
SFL,3046.4,1291.85,1129.4,1112.9
SGL,25.55,18.2,14.45,14.75
SHAH,,,2.8,2.85
SHAHALLOYS,51.45,70.85,56.15,60.7
SHAILY,2034.95,1595.55,1737.65,1794.1
SHAKTIPUMP,556.1,403.0,857.4,858.5
SHALBY,139.2,157.5,244.85,238.3
SHALPAINTS,170.05,132.3,160.35,157.9
SHANKARA,787.95,660.3,905.65,776.3
SHANTI,22.5,21.2,16.1,16.05
SHANTIGEAR,311.15,337.75,492.15,484.9
SHARDACROP,499.95,504.3,449.7,439.4
SHARDAMOTR,847.6,737.5,1016.45,996.85
SHAREINDIA,1252.35,1210.85,1403.6,1341.0
SHARIABEES,405.92,416.15,431.99,451.25
SHILPAMED,388.1,286.35,370.5,357.6
SHIVALIK,896.55,744.9,767.05,728.65
SHIVAMAUTO,41.25,28.9,32.7,
SHIVAMILLS,128.5,94.05,72.85,74.5
SHIVATEX,160.55,122.4,155.15,145.6
SHK,154.25,143.35,163.85,161.4
SHOPERSTOP,747.75,703.4,724.6,707.35
SHREDIGCEM,72.95,70.9,97.3,91.5
SHREECEM,23912.6,23732.95,24139.35,26794.25
SHREEPUSHK,246.95,184.55,217.55,206.95
SHRENIK,2.1,1.6,0.95,1.1
SHREYAS,374.75,303.45,338.3,365.5
SHRIRAMFIN,,1349.65,1912.05,1922.25
SHRIRAMPPS,89.15,77.9,95.7,86.65
SHYAMCENT,26.15,22.05,20.35,20.35
SHYAMMETL,304.0,327.2,481.0,449.0
SHYAMTEL,,10.95,7.1,7.05
SIEMENS,3061.25,2837.45,3887.05,3810.85
SIGACHI,292.85,277.4,364.2,385.9
SILINV,341.45,348.85,323.1,339.15
SILLYMONKS,27.45,,19.7,
SILVER,58.24,71.42,76.18,73.38
SILVERBEES,56.22,68.67,73.55,70.73
SILVERETF,,,74.84,71.65
SILVERTUC,,353.9,458.8,571.8
SILVRETF,,,74.6,71.88
SIMBHALS,22.05,28.75,28.8,29.3
SINTERCOM,85.7,,126.2,129.15
SIRCA,608.6,672.8,418.25,400.5
SIS,449.35,389.8,465.25,434.45
SIYSIL,456.85,528.55,534.3,613.75
SJS,476.25,492.3,699.7,714.75
SJVN,32.45,35.05,63.25,75.35
SKFINDIA,4775.8,4577.2,5141.05,5177.9
SKIPPER,72.6,125.2,241.75,224.4
SKMEGGPROD,,141.4,508.35,444.65
SMARTLINK,141.55,141.1,174.55,173.85
SMCGLOBAL,84.4,78.85,78.1,79.6
SMLISUZU,805.85,852.75,1304.25,1218.1
SMSLIFE,689.6,629.55,519.3,523.45
SMSPHARMA,90.45,82.65,128.6,127.45
SNOWMAN,41.65,39.9,54.75,52.15
SOBHA,712.75,592.55,610.2,673.45
SOFTTECH,169.25,147.85,153.9,165.45
SOLARA,452.55,438.7,358.5,365.35
SOLARINDS,3557.35,4496.35,4753.35,4646.1
SOMANYCERA,620.0,474.65,719.2,691.3
SONACOMS,526.2,415.45,592.25,599.25
SONAMCLOCK,40.1,48.55,62.25,59.8
SONATSOFTW,572.8,577.3,1042.65,1087.8
SOTL,345.45,303.2,323.25,330.15
SOUTHBANK,10.4,20.4,23.25,24.6
SPAL,426.65,325.25,583.25,545.35
SPANDANA,,603.95,819.45,785.25
SPARC,225.5,210.2,250.35,239.95
SPCENET,20.45,,23.95,22.75
SPECIALITY,231.15,229.25,212.5,205.2
SPENCERS,81.2,66.0,61.4,68.5
SPIC,63.4,84.2,70.15,77.1
SPLIL,69.25,74.85,63.0,64.95
SPLPETRO,795.2,797.2,489.75,488.9
SPORTKING,883.25,726.4,857.15,799.8
SREEL,215.0,216.1,215.95,240.7
SRF,2820.75,2302.85,2384.05,2370.5
SRGHFL,,,257.75,270.4
SRHHYPOLTD,873.5,528.9,605.35,614.35
SSWL,862.8,163.9,249.45,271.05
STAR,329.35,366.2,438.15,493.95
STARCEMENT,107.05,113.75,161.15,163.1
STARHEALTH,712.5,583.5,636.4,647.55
STARPAPER,209.3,187.05,208.75,229.75
STCINDIA,87.65,94.1,115.5,124.5
STEELCAS,442.95,494.15,681.75,722.2
STEELCITY,60.35,62.65,66.65,64.15
STEELXIND,13.45,14.45,10.4,10.35
STERTOOLS,230.95,264.15,375.05,378.0
STLTECH,183.25,175.6,168.4,165.2
STOVEKRAFT,703.45,555.0,525.65,532.95
STYLAMIND,1107.8,1134.3,1796.6,1704.45
STYRENIX,,,1101.5,1087.75
SUBEXLTD,35.95,33.85,35.75,33.45
SUBROS,376.15,304.45,411.35,408.65
SUDARSCHEM,457.55,386.3,508.75,479.9
SUKHJITS,,432.65,393.1,431.95
SULA,,325.15,491.85,484.85
SUMICHEM,492.6,488.95,438.95,426.0
SUMMITSEC,710.0,653.95,906.25,956.25
SUNDARAM,3.15,2.85,2.55,3.2
SUNDARMFIN,2242.55,2301.55,2594.2,2719.3
SUNDARMHLD,87.45,95.1,121.15,118.6
SUNDRMFAST,905.45,960.15,1274.2,1239.55
SUNFLAG,93.75,121.0,204.6,208.8
SUNPHARMA,874.3,1009.1,1109.0,1149.8
SUNTECK,462.55,343.6,362.85,420.4
SUNTV,520.35,486.85,620.8,596.2
SUPERHOUSE,217.9,208.5,219.45,219.0
SUPERSPIN,12.25,8.9,8.5,8.3
SUPRAJIT,347.3,329.95,426.5,413.9
SUPREMEIND,2057.35,2384.4,4395.75,4120.15
SUPRIYA,341.85,239.95,278.85,298.25
SURANAT&P,12.4,12.0,11.75,12.0
SURYALAXMI,71.3,59.9,65.85,69.1
SURYAROSNI,502.95,514.5,976.15,993.5
SURYODAY,112.3,121.7,176.2,166.2
SUTLEJTEX,74.5,62.0,57.3,55.35
SUVEN,77.0,66.35,65.05,75.45
SUVENPHAR,479.75,493.3,514.5,557.3
SUZLON,9.15,10.75,25.0,24.2
SWANENERGY,239.6,329.65,306.2,289.9
SWARAJENG,1701.95,1587.7,2018.15,2033.7
SWELECTES,335.75,343.65,532.8,580.3
SYMPHONY,906.4,933.05,884.65,903.15
SYNCOMF,,8.55,8.6,8.65
SYNGENE,570.05,590.1,778.55,834.5
SYRMA,295.65,277.9,535.5,545.35
TAINWALCHM,96.9,119.6,130.95,129.45
TAJGVK,192.3,212.1,237.25,233.6
TAKE,26.3,23.8,23.85,
TALBROAUTO,484.8,552.05,1050.8,959.65
TANLA,810.05,717.75,967.25,1063.1
TARC,47.15,42.65,94.8,91.2
TARMAT,60.4,54.15,69.4,75.4
TARSONS,870.85,685.1,526.7,537.6
TASTYBITE,12159.55,10532.6,16913.75,16226.55
TATACHEM,1170.3,941.7,1071.15,1070.45
TATACOFFEE,236.95,220.35,251.25,258.45
TATACOMM,1239.15,1336.1,1852.4,1927.7
TATACONSUM,837.4,767.15,844.15,875.9
TATAELXSI,8885.25,6416.65,7284.1,7234.65
TATAINVEST,2691.3,2105.35,2450.55,2470.15
TATAMETALI,813.95,834.15,952.65,980.65
TATAMOTORS,447.25,393.9,611.2,634.25
TATAMTRDVR,219.95,212.45,406.05,429.25
TATAPOWER,245.4,211.35,255.35,263.95
TATASTEEL,107.0,118.45,127.05,131.95
TATASTLLP,652.0,705.2,811.85,833.9
TATVA,2531.95,2143.2,1722.15,1641.2
TBZ,78.75,78.6,117.2,115.3
TCI,735.25,619.65,812.1,784.8
TCIEXP,1940.4,1796.5,1409.1,1486.1
TCNSBRANDS,662.95,536.5,369.7,380.1
TCPLPACK,1249.6,1510.85,1911.4,2096.45
TCS,3104.35,3311.35,3379.2,3598.3
TDPOWERSYS,654.6,141.15,264.25,253.05
TEAMLEASE,3212.05,2527.15,2453.45,2621.05
TECH,28.12,29.41,32.37,34.17
TECHM,1083.0,1023.8,1228.05,1300.05
TECHNOE,286.75,343.85,534.55,513.1
TEGA,558.7,581.65,982.0,958.55
TEJASNET,633.25,601.8,854.9,857.45
TEXINFRA,66.1,60.2,85.0,73.85
TEXRAIL,51.15,59.2,148.25,141.0
TFCILTD,62.05,84.6,112.6,102.3
TFL,,9.8,10.45,10.25
TGBHOTELS,13.45,12.9,11.05,10.0
THANGAMAYL,1193.75,1070.5,1255.15,1237.25
THEINVEST,102.85,91.15,78.2,84.15
THEMISMED,967.35,1342.4,1595.45,1678.5
THERMAX,2469.2,1955.55,2800.15,2728.5
THYROCARE,713.6,614.9,537.85,569.5
TI,82.95,116.25,215.9,215.75
TIDEWATER,1103.05,1000.9,1154.6,1240.35
TIIL,856.75,900.1,2099.8,2154.6
TIINDIA,2649.25,2785.25,2988.15,3319.1
TIMESGTY,52.4,55.55,69.25,65.6
TIMETECHNO,119.9,95.25,145.85,156.85
TIMKEN,3140.0,3158.9,3197.85,3171.35
TINPLATE,328.65,349.4,398.1,410.65
TIPSINDLTD,1655.1,1748.2,330.15,318.5
TIRUMALCHM,244.7,210.85,229.35,226.4
TITAGARH,,,814.8,779.7
TITAN,2656.15,2613.6,3116.8,3248.6
TMB,,483.7,546.9,545.85
TNIDETF,57.21,54.98,64.66,68.14
TNPETRO,107.65,91.0,89.65,95.2
TNPL,249.6,239.05,258.8,270.7
TOKYOPLAST,110.9,99.35,100.6,97.85
TORNTPHARM,1499.4,1544.75,1785.8,1872.0
TORNTPOWER,553.7,499.45,665.2,724.15
TRACXN,,87.15,76.35,75.0
TREEHOUSE,13.8,17.95,15.6,16.7
TREL,,,33.5,42.2
TRENT,1435.2,1347.4,2063.1,2070.25
TRF,268.1,179.8,230.2,245.1
TRIDENT,39.45,34.4,39.6,39.0
TRIGYN,108.8,96.15,130.7,125.75
TRIL,47.9,56.4,117.2,169.7
TRITURBINE,220.4,244.7,389.35,433.35
TRIVENI,251.05,283.05,315.2,384.0
TRU,74.75,71.3,64.1,60.7
TTKHLTCARE,927.3,999.4,1171.75,1163.2
TTKPRESTIG,1039.3,802.15,802.0,786.5
TTL,95.4,90.1,99.95,96.05
TTML,,91.65,91.6,107.9
TV18BRDCST,40.7,37.7,49.05,45.45
TVSELECT,288.8,293.65,385.75,359.45
TVSMOTOR,1041.55,1041.55,1454.1,1502.9
TVSSCS,,,200.2,222.4
TVSSRICHAK,2719.4,3236.15,2945.85,2969.25
TVTODAY,300.6,247.2,222.3,221.8
TVVISION,,,3.15,3.15
UBL,1690.25,1669.8,1546.45,1611.0
UCOBANK,12.5,32.8,31.2,40.4
UDAICEMENT,35.85,31.95,32.05,32.05
UFLEX,773.6,559.6,472.7,443.8
UGARSUGAR,64.75,107.5,107.55,112.05
UGROCAP,199.0,155.15,299.6,294.0
UJJIVAN,226.8,283.0,478.65,509.45
UJJIVANSFB,25.25,30.85,48.8,49.3
ULTRACEMCO,6790.05,6993.6,8262.4,8728.35
UMANGDAIRY,68.6,62.2,74.8,69.2
UMESLTD,4.4,4.75,4.25,
UNICHEMLAB,386.4,308.55,417.4,413.4
UNIDT,372.4,265.3,221.0,255.85
UNIENTER,142.95,135.55,170.55,167.15
UNIONBANK,46.45,82.25,86.1,96.1
UNIPARTS,,573.8,634.0,588.55
UNITEDTEA,304.55,278.95,343.8,318.55
UNIVASTU,80.3,98.6,93.5,95.75
UNIVCABLES,226.7,339.95,488.35,467.6
UNIVPHOTO,524.95,514.25,400.3,396.6
UNOMINDA,559.4,526.9,609.55,623.55
UPL,742.6,719.35,603.0,634.65
URAVI,,,253.25,250.25
URJA,,10.2,9.9,9.9
USHAMART,134.05,190.65,358.15,347.05
USK,,,30.55,35.85
UTIAMC,807.0,846.8,746.9,784.5
UTIBANKETF,41.63,43.88,45.1,46.92
UTINEXT50,47.62,44.72,46.83,48.59
UTINIFTETF,1900.12,1940.12,2086.82,2161.92
UTISENSETF,637.32,651.37,702.76,730.91
UTISXN50,54.19,51.95,59.16,60.91
UTKARSHBNK,,,48.0,50.55
UTTAMSUGAR,261.35,291.9,377.5,431.5
VADILALIND,2686.65,2693.35,2631.4,2578.8
VAIBHAVGBL,383.5,305.0,449.35,441.65
VAISHALI,101.0,137.1,125.35,124.5
VAKRANGEE,39.15,28.25,15.55,17.65
VALIANTORG,830.1,589.6,504.95,505.2
VARDHACRLC,59.65,55.1,56.95,54.95
VARROC,402.6,299.3,423.1,450.8
VASCONEQ,27.8,35.05,62.2,56.55
VASWANI,24.1,18.75,28.15,30.15
VBL,1094.35,1306.7,910.45,915.65
VEDL,314.2,319.55,236.15,236.3
VENKEYS,2165.1,1931.55,1978.2,2013.9
VENUSPIPES,506.85,724.75,1535.25,1537.7
VERANDA,347.8,262.35,198.85,191.6
VESUVIUS,1485.6,1607.8,3364.4,3179.6
VETO,117.15,114.1,135.45,127.1
VGUARD,239.25,261.95,313.95,311.2
VHL,3524.9,2990.45,2902.65,3128.6
VIDHIING,430.35,376.55,455.9,428.45
VIJAYA,406.5,414.1,505.2,492.4
VIKASECO,3.5,3.45,3.0,
VIKASLIFE,5.05,4.75,4.3,6.0
VIMTALABS,358.35,433.5,571.5,553.85
VINATIORGA,2284.25,2001.9,1855.85,1893.1
VINDHYATEL,1335.3,1683.6,2313.75,2395.45
VINEETLAB,62.95,58.1,52.4,51.45
VINYLINDIA,872.95,521.2,473.7,463.0
VIPIND,660.6,680.45,660.35,690.75
VIPULLTD,12.85,,14.85,14.45
VISAKAIND,625.85,445.1,95.75,89.45
VISESHINFO,0.7,,0.45,
VISHAL,26.35,21.5,17.3,19.1
VISHNU,1993.75,1483.25,330.1,344.85
VISHWARAJ,18.15,18.6,18.35,19.0
VIVIDHA,1.45,1.25,1.0,1.05
VLEGOV,,,36.7,36.55
VLSFINANCE,155.8,161.15,214.05,200.9
VMART,2838.95,2987.0,2254.7,2119.4
VOLTAMP,2566.6,2697.85,5688.4,5114.6
VOLTAS,960.2,808.3,870.05,893.95
VRLLOG,649.1,546.0,679.45,736.2
VSSL,259.9,318.45,216.45,211.85
VSTIND,3198.95,3284.4,3652.4,3546.65
VSTTILLERS,2474.15,2291.15,3644.75,3564.6
VTL,349.75,323.7,391.7,394.9
WABAG,285.5,336.55,495.0,462.65
WATERBASE,89.8,76.15,89.05,86.65
WEALTH,269.9,348.75,314.4,314.55
WEBELSOLAR,118.75,94.55,123.55,143.65
WELCORP,263.75,233.55,338.6,397.4
WELENT,135.1,169.4,286.65,297.45
WELSPUNIND,84.55,76.55,123.45,123.45
WENDT,7882.7,7390.6,13595.5,14340.25
WESTLIFE,683.15,763.45,965.75,985.05
WHEELS,681.0,580.9,725.65,799.45
WHIRLPOOL,1745.95,1515.5,1631.55,1640.75
WINDLAS,241.75,244.95,388.6,368.0
WIPRO,415.05,397.05,416.35,441.05
WOCKPHARMA,270.9,229.1,242.7,246.8
WONDERLA,373.75,352.25,623.15,630.9
WORTH,125.1,112.15,117.15,112.15
WSTCSTPAPR,570.65,537.8,623.25,685.85
XCHANGING,83.75,68.85,91.0,94.4
XELPMOC,157.7,135.4,89.55,87.2
XPROINDIA,,689.1,927.1,994.25
YASHO,,,1805.9,1783.95
YATHARTH,,,373.7,386.95
YESBANK,17.15,22.05,17.35,18.3
YUKEN,565.15,541.3,752.15,732.0
ZEEL,273.75,240.1,262.55,274.15
ZEEMEDIA,,15.0,11.95,11.9
ZENSARTECH,228.7,215.7,533.9,527.75
ZFCVINDIA,9986.05,8958.1,14807.9,15410.7
ZIMLAB,,98.65,129.35,117.9
ZODIACLOTH,100.8,99.55,115.0,117.1
ZOMATO,64.6,58.95,97.2,102.95
ZOTA,316.65,349.4,437.2,409.45
ZUARI,188.05,165.55,160.95,162.7
ZUARIIND,179.0,145.0,143.85,151.7
ZYDUSLIFE,370.9,424.65,613.95,645.35
ZYDUSWELL,1602.85,1514.2,1633.45,1615.7
20MICRONS,109.45,93.4,,
3PLAND,18.05,17.2,,22.7
A2ZINFRA,12.0,10.15,,
AAKASH,15.25,6.85,,
AAREYDRUGS,40.7,38.05,,
AARON,,175.15,,
ACCURACY,241.65,165.2,,
ACEINTEG,,55.6,,
ADANITRANS,4105.4,2576.55,,
ADROITINFO,16.65,24.5,,30.15
AGRITECH,93.0,105.7,,
AIROLAM,73.65,86.65,,
AJOONI,41.05,6.75,,4.8
AJRINFRA,1.85,1.45,,
AKG,,36.95,,24.55
ALPSINDUS,2.7,2.4,,2.4
AMBICAAGAR,,25.6,,
AMDIND,,59.1,,
ANIKINDS,42.35,39.8,,
ANMOL,181.8,149.9,,
ANTGRAPHIC,1.0,0.85,,
APOLSINHOT,908.8,1282.3,,
ARCHIDPLY,92.65,72.95,,
ARCHIES,19.85,24.65,,
ARENTERP,35.25,40.65,,
ARROWGREEN,118.8,178.5,,
ARSHIYA,13.95,8.85,,
ARTNIRMAN,118.85,68.75,,
ASIANENE,84.3,72.85,,162.2
ASIANHOTNR,93.45,81.15,,
ATLANTA,18.9,16.4,,
AUTOIND,86.7,78.2,,
AXISCADES,176.0,307.25,,
AXITA,310.35,50.15,,
BAGFILMS,,5.0,,
BCP,5.55,4.95,,
BEARDSELL,23.0,24.4,,
BESTAGRO,1269.25,1533.5,,
BHANDARI,6.0,6.1,,
BIL,207.3,224.35,,
BINDALAGRO,29.55,26.2,,
BROOKS,,108.75,,
BVCL,,25.05,,
CAREERP,143.65,136.4,,
CCHHL,,7.75,,
CENTUM,509.25,689.3,,
CEREBRAINT,47.6,14.05,,
CINELINE,125.85,108.15,,
CLNINDIA,436.85,369.35,,
CMICABLES,24.65,20.8,,
CONSOFINVT,147.7,137.3,,
CORDSCABLE,66.05,83.45,,
CTE,72.35,56.8,,
CUBEXTUB,31.1,37.8,,48.0
CYBERTECH,155.85,132.5,,
DCMFINSERV,,5.45,,4.4
DEEPENR,123.6,130.05,,
DEVIT,226.15,127.15,,
DFMFOODS,362.15,460.25,,
DHANI,56.7,40.2,,
DIGISPICE,29.65,26.8,,
DUCON,15.7,12.65,,
DYCL,158.85,221.25,,
E2E,,179.7,,
EBANK,4549.99,4821.19,,
EBBETF0423,1186.65,1209.45,,
EIMCOELECO,396.1,387.55,,847.6
ELECTHERM,84.55,76.0,,
EMIL,,86.05,,
EQUITAS,107.15,129.4,,
ESSARSHPNG,9.75,9.8,,
EUROTEXIND,11.0,12.15,,
FCONSUMER,2.25,1.6,,
FEL,,1.95,,
FELDVR,,7.85,,
GANGAFORGE,6.05,4.55,,
GAYAHWS,,0.85,,
GEEKAYWIRE,72.2,73.3,,
GENCON,33.55,33.75,,
GINNIFILA,38.5,33.8,,
GKWLIMITED,589.2,554.8,,
GLOBAL,307.1,202.6,,189.05
GLOBALVECT,58.55,53.5,,
GLOBE,6.6,4.6,,4.1
GODHA,3.55,1.9,,
GOLDTECH,54.55,47.65,,
GOYALALUM,,195.2,,
GPTINFRA,116.3,54.8,,
GREENPOWER,9.2,11.6,,
GRPLTD,1974.6,2121.15,,
GSCLCEMENT,43.1,38.5,,
GUJAPOLLO,224.55,198.95,,
HBANKETF,414.97,436.67,,
HCL-INSYS,17.3,16.8,,
HDFC,2459.4,2664.7,,
HDFCMFGETF,44.03,49.0,,
HDFCNIFETF,193.89,197.2,,
HDFCSENETF,651.08,665.88,,
HILTON,77.55,65.95,,164.75
HINDCON,101.5,89.0,,
HIRECT,195.45,230.45,,
HISARMETAL,134.5,144.45,,
HITECHCORP,245.2,221.1,,
HMVL,61.15,55.65,,
HOVS,59.05,50.15,,
HUBTOWN,,45.75,,
IDBIGOLD,4595.9,5081.55,,
IIFLWAM,1706.7,1775.1,,
IITL,72.95,83.35,,
INDOBORAX,139.65,135.8,,
INDOTECH,233.8,184.65,,
INDSWFTLTD,9.5,12.05,,
INEOSSTYRO,920.0,799.0,,
INOXLEISUR,522.4,497.9,,
INSPIRISYS,60.0,59.35,,
IRIS,83.2,78.55,,
IVC,9.2,7.65,,
IVZINNIFTY,1979.15,2012.25,,
IZMO,78.15,76.3,,
JAIBALAJI,46.05,56.25,,
JBFIND,12.3,9.05,,
JBMA,400.9,517.15,,
JETFREIGHT,22.55,20.3,,
JHS,25.75,22.15,,
JISLDVREQS,21.45,19.0,,
JMCPROJECT,104.25,139.1,,
JSLHISAR,266.85,442.8,,
JSWISPL,29.3,32.75,,
KALPATPOWR,440.45,569.35,,
KAMATHOTEL,,107.65,,209.6
KANANIIND,9.65,9.2,,8.15
KARMAENG,34.5,29.05,,
KAUSHALYA,4.1,5.0,,5.25
KAVVERITEL,11.0,6.7,,
KBCGLOBAL,,2.85,,
KESORAMIND,59.95,61.1,,
KILITCH,171.4,152.95,,
KOHINOOR,69.05,55.6,,35.25
KOKUYOCMLN,73.8,85.8,,
KOTARISUG,41.95,45.85,,
KREBSBIO,122.4,114.4,,
KRIDHANINF,4.2,3.8,,
KRITIKA,37.05,12.5,,
KRITINUT,,49.75,,
KSHITIJPOL,,25.65,,
KSOLVES,,444.9,,
LAGNAM,79.8,62.4,,
LAMBODHARA,112.3,110.8,,172.3
LANCER,269.0,224.95,,
LCCINFOTEC,2.95,2.55,,
LOKESHMACH,,107.9,,
LSIL,14.2,17.55,,
LYPSAGEMS,6.05,5.75,,
MAANALU,182.8,176.65,,
MADHUCON,,5.65,,
MAESGETF,29.87,30.34,,
MAFSETF,18.75,19.32,,
MAGNUM,14.75,22.9,,
MAHAPEXLTD,115.5,129.95,,
MAHASTEEL,75.95,72.5,,
MAHESHWARI,82.3,69.05,,
MAHINDCIE,289.95,337.35,,
MAM150ETF,12.3,12.02,,
MAMFGETF,86.11,83.89,,
MAN50ETF,187.06,190.25,,
MANXT50,459.4,428.39,,
MARINE,34.55,34.2,,
MARSHALL,33.5,26.3,,64.0
MAXVIL,148.8,147.45,,
MAZDA,619.0,650.35,,1048.9
MBLINFRA,21.75,23.7,,
MCL,27.9,31.85,,
MEGASOFT,41.35,32.7,,
MEGASTAR,222.15,226.2,,
MGEL,43.4,35.35,,
MHLXMIRU,201.9,241.2,,
MINDTECK,143.65,138.95,,
MIRCELECTR,18.95,18.35,,
MITTAL,11.95,13.65,,
MMP,184.35,128.65,,
MODISONLTD,73.1,68.85,,
MOTOGENFIN,28.5,27.15,,
MSPL,9.85,9.95,,
MURUDCERA,30.6,42.55,,
NAGREEKCAP,12.8,18.3,,
NAGREEKEXP,37.7,39.55,,
NDRAUTO,499.6,574.9,,
NGIL,148.15,83.85,,
NIBL,28.0,22.2,,
NILASPACES,,3.5,,
NIPPOBATRY,352.65,400.85,,
NIRAJ,31.7,33.75,,
NITIRAJ,80.05,76.3,,
NORBTEAEXP,7.4,7.75,,11.25
NURECA,1000.8,495.3,,361.0
OILCOUNTUB,,17.9,,
OMINFRAL,38.6,41.6,,
ONEPOINT,10.9,16.1,,
ORBTEXP,165.75,156.05,,
ORICONENT,34.65,27.35,,
ORIENTABRA,32.7,29.0,,
ORTINLAB,23.45,24.25,,
OSIAHYPER,,262.65,,
PANACHE,70.15,59.5,,
PANSARI,118.15,72.4,,
PAR,166.25,153.4,,
PATINTLOG,15.0,14.85,,
PILITA,8.95,8.35,,
PIONDIST,172.3,183.75,,
PODDARHOUS,199.95,221.35,,105.45
PRAKASHSTL,5.8,5.1,,
PRAXIS,32.7,28.5,,
PREMEXPLN,494.75,419.75,,
PREMIERPOL,107.35,101.6,,
PRESSMN,44.8,46.5,,
PRITIKAUTO,18.2,16.05,,
PROZONINTU,23.55,33.35,,
PVP,8.55,10.55,,
PVR,1845.5,1714.4,,
RADIOCITY,25.0,25.1,,16.1
RAJMET,290.75,25.3,,
RANEENGINE,248.65,231.15,,
RELINFRA,,138.6,,
REMSONSIND,227.8,237.8,,
REVATHI,903.6,1078.5,,
RHFL,,3.5,,
RITCO,,163.0,,
RKDL,12.95,18.55,,
ROLLT,1.5,1.4,,
RPPINFRA,42.4,41.9,,
RSSOFTWARE,30.4,25.25,,
RVHL,22.45,24.4,,
S&SPOWER,19.2,22.8,,
SABEVENTS,7.45,5.55,,
SADBHIN,7.2,6.05,,
SALSTEEL,11.15,16.55,,
SAMBHAAV,5.15,4.1,,
SANGHIIND,,71.65,,
SARVESHWAR,,88.75,,
SCAPDVR,13.55,13.25,,
SCPL,,619.65,,
SEPOWER,20.8,17.05,,
SERVOTECH,144.15,169.9,,
SETCO,13.25,11.7,,
SGIL,153.8,133.6,,
SHEMAROO,149.25,169.6,,
SHRADHA,61.45,68.0,,
SHREERAMA,,13.0,,
SHREYANIND,135.35,162.75,,
SIGIND,42.55,39.0,,
SILGO,26.35,25.7,,
SIMPLEXINF,65.95,60.05,,
SITINET,1.75,1.7,,
SMLT,163.15,148.5,,
SOMATEX,7.95,9.25,,
SOMICONVEY,,43.0,,
SOUTHWEST,174.1,122.35,,
SPICEJET,44.75,38.35,,
SPMLINFRA,37.95,27.75,,
SPTL,,2.8,,
SRPL,90.2,62.35,,
STARTECK,140.35,137.9,,
STEL,153.55,164.65,,
SUBCAPCITY,160.05,84.85,,
SUNCLAYLTD,4952.1,4949.85,,
SUNDRMBRAK,378.55,324.6,,
SUPREMEENG,2.05,1.25,,
SUPREMEINF,,24.0,,
SURANASOL,26.85,22.95,,
SUULD,43.55,36.5,,
SUVIDHAA,6.15,5.15,,
SVPGLOB,40.9,29.7,,
SWSOLAR,299.0,270.35,,
TARAPUR,5.85,4.45,,
TECHIN,11.0,10.8,,
TEMBO,147.25,132.35,,232.05
TERASOFT,51.1,44.4,,
TEXMOPIPES,67.35,58.95,,
THOMASCOOK,78.9,74.2,,
TIPSFILMS,,449.85,,
TIRUPATIFL,14.65,22.55,,
TOTAL,161.2,162.75,,
TOUCHWOOD,99.8,103.75,,
TPLPLASTEH,171.55,31.15,,
TREJHARA,85.0,71.15,,
TWL,,234.6,,
UCALFUEL,140.9,128.7,,
UFO,124.05,93.95,,
UMAEXPORTS,51.35,49.0,,
UNIINFO,25.9,22.25,,26.95
V2RETAIL,124.6,99.15,,
VARDMNPOLY,23.55,19.4,,
VCL,10.6,5.75,,1.85
VENUSREM,211.95,182.2,,
VIJIFIN,2.75,3.25,,
VINNY,,154.6,,
VIPCLOTHNG,32.3,48.6,,
WALCHANNAG,,71.7,,
WEIZMANIND,95.05,103.5,,
WELINV,310.95,309.35,,
WEWIN,,54.85,,
WFL,201.55,269.5,,
WILLAMAGOR,,21.9,,
WINDMACHIN,38.4,45.85,,
WINPRO,5.15,3.95,,
YAARI,42.8,19.25,,
ZEELEARN,8.05,7.05,,
ZENITHEXPO,88.05,82.8,,
ZENITHSTL,5.95,5.55,,4.15
ZENTEC,214.4,187.95,,
ZODIAC,153.7,116.85,,
ACRYSIL,699.6,,,
AKSHAR,117.95,,,
ANSALAPI,22.65,,,
ANSALHSG,7.0,,,
ARVEE,94.05,,,
BCONCEPTS,194.05,,,
BHAGYAPROP,41.85,,,
BSHSL,685.35,,,
BSL,146.85,,,
CROWN,38.9,,,
DHARAMSI,414.15,,,
ESSENTIA,6.05,,,
EXCEL,8.3,,,
FLEXITUFF,27.35,,,
FSC,28.45,,,
GAL,2.85,,,
GAYAPROJ,12.3,,,
GFSTEELS,3.05,,,
IMPEXFERRO,5.6,,,
INDOTHAI,171.4,,,
INDRAMEDCO,71.3,,,
JTLINFRA,201.9,,,
KHAITANLTD,47.35,,,
KHANDSE,29.45,,,
LOTUSEYE,67.55,,,
LTI,4596.45,,,
MINDTREE,3266.15,,,
MTEDUCARE,9.15,,,
NXTDIGITAL,459.85,,,
OMKARCHEM,22.1,,,
PALASHSECU,89.1,,,
SADBHAV,15.35,,,
SANCO,9.5,,,
SBC,8.95,,,
SETUINFRA,1.95,,,
SHRIRAMCIT,1948.6,,,
SIKKO,144.4,,,61.3
SRTRANSFIN,1325.95,,,
SUMEETINDS,6.2,,,
TCIDEVELOP,395.15,,,
TIJARIA,4.6,,,
TIL,122.1,,,
UNITEDPOLY,40.3,,,
VERTOZ,138.55,,,
VISASTEEL,14.2,,,
VIVIMEDLAB,11.1,,,
ABSLLIQUID,,,,1000.01
BTML,,,,139.5
EPIGRAL,,,,1006.75
GSEC10YEAR,,,,25.1
JIOFIN,,,,239.4
NIFMID150,,,,152.15
PYRAMID,,,,168.4
RISHABH,,,,447.6
SANDUMA,,,,1616.6
SIGMA,,,,463.1
TVSHLTD,,,,5532.35
VPRPL,,,,174.6
